country,code,year,poverty_line,poverty_rate,gdp_percapita
Angola,AO,2000,2.15,21.4088477654,4708.361
Angola,AO,2008,2.15,14.6324872869,7832.8896
Angola,AO,2018,2.15,31.1220062314,6878.5933
Albania,AL,1996,2.15,0.5348460357,4909.825
Albania,AL,2002,2.15,1.0926473904,6755.1094
Albania,AL,2005,2.15,0.5910856841,8041.5435
Albania,AL,2008,2.15,0.1999251462,9913.951
Albania,AL,2012,2.15,0.6206908872,11229.992
Albania,AL,2014,2.15,1.023100774,11588.925
Albania,AL,2015,2.15,0.12062105950000002,11880.598
Albania,AL,2016,2.15,0.1393031662,12294.077
Albania,AL,2017,2.15,0.3925699344,12773.269
Albania,AL,2018,2.15,0.0481070476,13319.495
Albania,AL,2019,2.15,0.0,13655.665
Albania,AL,2020,2.15,0.0212773636,13256.125
United Arab Emirates,AE,2013,2.15,0.0,62354.824
United Arab Emirates,AE,2018,2.15,0.0,71550.555
Argentina,AR,1980,2.15,0.30901245120000004,
Argentina,AR,1986,2.15,1.1191321131,
Argentina,AR,1987,2.15,1.1860859178,
Argentina,AR,1991,2.15,0.9720286287,15209.487
Argentina,AR,1992,2.15,1.6737125254999998,16190.511
Argentina,AR,1993,2.15,1.9766661716999998,17282.965
Argentina,AR,1994,2.15,1.9113265993,18046.893
Argentina,AR,1995,2.15,3.8554343889000005,17303.924
Argentina,AR,1996,2.15,4.2175671839,18031.549
Argentina,AR,1997,2.15,3.7657508073,19261.898
Argentina,AR,1998,2.15,3.9691887942,19773.176
Argentina,AR,1999,2.15,4.187958437,18884.943
Argentina,AR,2000,2.15,4.9882613603,18524.81
Argentina,AR,2001,2.15,8.2347868249,17514.504
Argentina,AR,2002,2.15,12.4471545388,15439.745
Argentina,AR,2003,2.15,5.279262617500001,16631.574
Argentina,AR,2004,2.15,3.8130063031,17950.15
Argentina,AR,2005,2.15,2.6311788198,19338.146
Argentina,AR,2006,2.15,2.1182560078,20679.242
Argentina,AR,2007,2.15,1.7236683276,22316.256
Argentina,AR,2008,2.15,1.5866702055000002,22992.39
Argentina,AR,2009,2.15,1.5240720327,21413.283
Argentina,AR,2010,2.15,0.7493294107999999,23521.27
Argentina,AR,2011,2.15,0.7074195098,24647.629
Argentina,AR,2012,2.15,0.6407886015,24118.867
Argentina,AR,2013,2.15,0.6225353261,24424.137
Argentina,AR,2014,2.15,0.6124674576,23550.1
Argentina,AR,2016,2.15,0.6675493553,23189.527
Argentina,AR,2017,2.15,0.4240273952,23597.117
Argentina,AR,2018,2.15,0.7674704878999999,22747.242
Argentina,AR,2019,2.15,0.7840069659000001,22071.748
Argentina,AR,2020,2.15,1.0747269106000001,19685.217
Argentina,AR,2021,2.15,0.9588466404999999,21527.195
Armenia,AM,1996,2.15,13.8988232422,3105.953
Armenia,AM,1999,2.15,11.899413795,3660.0342
Armenia,AM,2001,2.15,13.974749376199998,4346.9077
Armenia,AM,2002,2.15,9.9666040493,4965.224
Armenia,AM,2003,2.15,7.539517470900001,5698.7783
Armenia,AM,2004,2.15,5.3178055283,6334.856
Armenia,AM,2005,2.15,2.629570387,7259.204
Armenia,AM,2006,2.15,1.9985935161000001,8273.786
Armenia,AM,2007,2.15,1.5362026096,9476.472
Armenia,AM,2008,2.15,0.8796942479,10201.56
Armenia,AM,2009,2.15,1.2476557322000001,8819.678
Armenia,AM,2010,2.15,0.9514653458000001,9068.788
Armenia,AM,2011,2.15,1.1850709377,9551.158
Armenia,AM,2012,2.15,0.8322223493,10289.976
Armenia,AM,2013,2.15,1.7382651756,10677.304
Armenia,AM,2014,2.15,1.4391430833999999,11105.532
Armenia,AM,2015,2.15,1.1463600683,11506.039
Armenia,AM,2016,2.15,1.1079465678,11580.384
Armenia,AM,2017,2.15,0.7856545904,12509.64
Armenia,AM,2018,2.15,1.3398209264,13231.431
Armenia,AM,2019,2.15,1.0300697785,14317.553
Armenia,AM,2020,2.15,0.3520104979,13357.697
Armenia,AM,2021,2.15,0.5235208329,14193.117
Australia,AU,1981,2.15,0.9935030480000001,
Australia,AU,1985,2.15,1.0013097558000001,
Australia,AU,1989,2.15,0.744274979,
Australia,AU,1995,2.15,0.7497822673,33044.844
Australia,AU,2001,2.15,0.7474116155,38779.6
Australia,AU,2003,2.15,0.9973307113000001,40642.562
Australia,AU,2004,2.15,0.712537196,41905.85
Australia,AU,2008,2.15,0.36123243959999995,44777.273
Australia,AU,2010,2.15,0.34916841190000003,44965.395
Australia,AU,2014,2.15,0.4984838032,47240.273
Australia,AU,2016,2.15,0.4987417526,48109.203
Australia,AU,2018,2.15,0.4970939722,49052.816
Austria,AT,1994,2.15,0.2309148347,39435.21
Austria,AT,1995,2.15,0.0,40425.395
Austria,AT,1996,2.15,0.0,41319.375
Austria,AT,1997,2.15,0.24598348570000003,42136.664
Austria,AT,1998,2.15,0.2394451395,43597.89
Austria,AT,1999,2.15,0.2260050581,45060.617
Austria,AT,2000,2.15,0.0,46469.86
Austria,AT,2003,2.15,0.3322032579,47633.113
Austria,AT,2004,2.15,0.0816528878,48633.273
Austria,AT,2005,2.15,0.153690105,49387.027
Austria,AT,2006,2.15,0.0901100073,50840.695
Austria,AT,2007,2.15,0.3722917291,52565.074
Austria,AT,2008,2.15,0.4711670196,53166.055
Austria,AT,2009,2.15,0.6562347203,51030.727
Austria,AT,2010,2.15,0.4907025323,51843.43
Austria,AT,2011,2.15,0.4154042297,53179.15
Austria,AT,2012,2.15,0.6169173685,53297.445
Austria,AT,2013,2.15,0.33799785520000003,52997.754
Austria,AT,2014,2.15,0.2242602162,52932.9
Austria,AT,2015,2.15,0.6771930205000001,52873.86
Austria,AT,2016,2.15,0.6640635485,53345.742
Austria,AT,2017,2.15,0.3180896205,54172.99
Austria,AT,2018,2.15,0.5683583696,55217.285
Austria,AT,2019,2.15,0.6406388869999999,55806.438
Austria,AT,2020,2.15,0.6835775451,51988.414
Azerbaijan,AZ,1995,2.15,12.4205923224,2976.995
Azerbaijan,AZ,2001,2.15,6.1576586832,4360.4595
Azerbaijan,AZ,2002,2.15,0.0795014714,4736.5645
Azerbaijan,AZ,2003,2.15,0.05058096570000001,5180.6865
Azerbaijan,AZ,2004,2.15,0.0,5610.763
Azerbaijan,AZ,2005,2.15,0.0,7106.598
Burundi,BI,1992,2.15,75.0594186974,1190.0674
Burundi,BI,1998,2.15,79.4411555483,891.6998
Burundi,BI,2006,2.15,71.8443183588,809.696
Burundi,BI,2013,2.15,65.13289285229999,824.61053
Belgium,BE,1985,2.15,0.2401877811,
Belgium,BE,1988,2.15,0.47780891420000005,
Belgium,BE,1992,2.15,0.9832838279,36426.992
Belgium,BE,1995,2.15,0.41241007020000003,37784.15
Belgium,BE,1997,2.15,0.492479403,39562.37
Belgium,BE,2000,2.15,0.3055060094,43024.14
Belgium,BE,2003,2.15,0.294419303,44160.91
Belgium,BE,2004,2.15,0.0520219589,45540.47
Belgium,BE,2005,2.15,0.1930702323,46342.188
Belgium,BE,2006,2.15,0.16894152099999998,47212.58
Belgium,BE,2007,2.15,0.151451473,48590.402
Belgium,BE,2008,2.15,0.11841666029999999,48423.516
Belgium,BE,2009,2.15,0.10758090899999999,47064.79
Belgium,BE,2010,2.15,0.1371152835,47972.56
Belgium,BE,2011,2.15,0.1682681789,48154.87
Belgium,BE,2012,2.15,0.1565714538,48210.926
Belgium,BE,2013,2.15,0.1445080561,48204.586
Belgium,BE,2014,2.15,0.0764959588,48748.62
Belgium,BE,2015,2.15,0.0707585483,49456.4
Belgium,BE,2016,2.15,0.059816154200000006,49829.926
Belgium,BE,2017,2.15,0.1478685824,50442.27
Belgium,BE,2018,2.15,0.0811135955,51113.48
Belgium,BE,2019,2.15,0.078552465,51977.184
Belgium,BE,2020,2.15,0.054725478900000006,48978.934
Benin,BJ,2003,2.15,53.089462315400006,2532.9985
Benin,BJ,2011,2.15,54.2616466025,2633.939
Benin,BJ,2015,2.15,50.7092571398,2849.8206
Benin,BJ,2018,2.15,20.0821865179,3040.1675
Burkina Faso,BF,1994,2.15,82.0794173065,1018.1222
Burkina Faso,BF,1998,2.15,79.9178962558,1228.1229
Burkina Faso,BF,2003,2.15,54.7037376106,1385.4551
Burkina Faso,BF,2009,2.15,52.6491697128,1578.1489
Burkina Faso,BF,2014,2.15,39.6028586897,1846.6451
Burkina Faso,BF,2018,2.15,31.2038230194,2051.2185
Bangladesh,BD,1983,2.15,37.284090996500005,
Bangladesh,BD,1985,2.15,32.6938916016,
Bangladesh,BD,1988,2.15,41.7365665629,
Bangladesh,BD,1991,2.15,41.9448633084,1756.3326
Bangladesh,BD,1995,2.15,33.6687424294,1964.0612
Bangladesh,BD,2000,2.15,33.321333708,2267.0754
Bangladesh,BD,2005,2.15,23.9665910638,2663.0962
Bangladesh,BD,2010,2.15,18.2238562871,3395.3647
Bangladesh,BD,2016,2.15,13.4683029662,4589.0938
Bangladesh,BD,2022,2.15,9.5763822443,
Bulgaria,BG,1989,2.15,0.05271606449999999,
Bulgaria,BG,1992,2.15,0.0,10842.027
Bulgaria,BG,1994,2.15,0.26019409179999997,11000.124
Bulgaria,BG,1995,2.15,1.2077294686,11365.372
Bulgaria,BG,1997,2.15,0.5408996582000001,10385.342
Bulgaria,BG,2001,2.15,2.5740715914,11127.175
Bulgaria,BG,2003,2.15,0.9304603349999999,12770.331
Bulgaria,BG,2006,2.15,5.8306922515999995,15908.718
Bulgaria,BG,2007,2.15,0.49950868509999996,17092.562
Bulgaria,BG,2008,2.15,1.2511840302,18268.04
Bulgaria,BG,2009,2.15,1.3057501214,17770.709
Bulgaria,BG,2010,2.15,2.007735769,18163.873
Bulgaria,BG,2011,2.15,2.4587572296,18664.834
Bulgaria,BG,2012,2.15,2.3094438265,18914.984
Bulgaria,BG,2013,2.15,1.7837765493,18914.525
Bulgaria,BG,2014,2.15,1.6603086491999999,19206.262
Bulgaria,BG,2015,2.15,3.4196482870000002,19991.818
Bulgaria,BG,2016,2.15,1.9664909996,20744.523
Bulgaria,BG,2017,2.15,1.3717663494,21473.805
Bulgaria,BG,2018,2.15,0.8704605618000001,22210.123
Bulgaria,BG,2019,2.15,0.9236337027,23270.225
Bulgaria,BG,2020,2.15,0.24786348140000003,22483.598
Bosnia and Herzegovina,BA,2001,2.15,0.32574299630000003,6966.1177
Bosnia and Herzegovina,BA,2004,2.15,0.1811441865,8181.4995
Bosnia and Herzegovina,BA,2007,2.15,0.0664585122,9804.853
Bosnia and Herzegovina,BA,2011,2.15,0.0749787577,10934.089
Belarus,BY,1993,2.15,0.40664916989999994,7305.307
Belarus,BY,1995,2.15,1.2487658691,5805.3633
Belarus,BY,1998,2.15,21.7633655817,7293.908
Belarus,BY,1999,2.15,19.192298538800003,7575.9185
Belarus,BY,2000,2.15,13.6424255576,8053.174
Belarus,BY,2001,2.15,6.6242243723,8477.084
Belarus,BY,2002,2.15,4.3943472284,8961.642
Belarus,BY,2003,2.15,3.5103551604999996,9660.193
Belarus,BY,2004,2.15,1.3008308772,10839.956
Belarus,BY,2005,2.15,0.8908867185999999,11940.187
Belarus,BY,2006,2.15,0.3985794591,13214.871
Belarus,BY,2007,2.15,0.218589769,14417.354
Belarus,BY,2008,2.15,0.1665243172,15942.897
Belarus,BY,2009,2.15,0.13817226529999999,16014.115
Belarus,BY,2010,2.15,0.0339427161,17300.703
Belarus,BY,2011,2.15,0.006575961700000001,18274.021
Belarus,BY,2012,2.15,0.0120559203,18611.455
Belarus,BY,2013,2.15,0.0,18805.432
Belarus,BY,2014,2.15,0.0,19119.346
Belarus,BY,2015,2.15,0.0,18362.746
Belarus,BY,2016,2.15,0.0,17883.127
Belarus,BY,2017,2.15,0.0,18356.102
Belarus,BY,2018,2.15,0.0,18974.7
Belarus,BY,2019,2.15,0.0,19279.209
Belarus,BY,2020,2.15,0.0,19225.574
Belize,BZ,1993,2.15,13.547187001700001,7979.022
Belize,BZ,1994,2.15,14.7938276348,7823.966
Belize,BZ,1995,2.15,15.2664726898,7675.2173
Belize,BZ,1996,2.15,18.1961130093,7521.8643
Belize,BZ,1997,2.15,20.9015366225,7530.272
Belize,BZ,1998,2.15,20.732990452,7554.926
Belize,BZ,1999,2.15,19.5569282913,7954.445
Bolivia,,1990,2.15,1.9871435547,4437.8667
Bolivia,,1992,2.15,8.7369370168,4556.9937
Bolivia,,1997,2.15,15.538882967600001,5181.4165
Bolivia,,1999,2.15,21.875101935300002,5270.0273
Bolivia,,2000,2.15,24.247423633500002,5305.619
Bolivia,,2001,2.15,19.0310438552,5300.3145
Bolivia,,2002,2.15,19.6864298485,5337.7656
Bolivia,,2004,2.15,10.2167711975,5515.656
Bolivia,,2005,2.15,15.6066122931,5660.5747
Bolivia,,2006,2.15,12.4947066368,5829.371
Bolivia,,2007,2.15,9.466773286999999,5989.69
Bolivia,,2008,2.15,8.344567449,6248.934
Bolivia,,2009,2.15,8.781656956399999,6349.008
Bolivia,,2011,2.15,5.2989047922,6724.301
Bolivia,,2012,2.15,6.467938761399999,6952.7383
Bolivia,,2013,2.15,5.173072423600001,7305.228
Bolivia,,2014,2.15,4.2758922386,7581.5986
Bolivia,,2015,2.15,4.6299644598,7825.7666
Bolivia,,2016,2.15,5.6203380518,8034.173
Bolivia,,2017,2.15,4.9333613378,8244.934
Bolivia,,2018,2.15,3.2748860567,8466.293
Bolivia,,2019,2.15,1.9205351983,8528.749
Bolivia,,2020,2.15,3.1215071728,7679.933
Bolivia,,2021,2.15,1.9645011375,8052.1772
Brazil,BR,1981,2.15,23.947899970799998,
Brazil,BR,1982,2.15,24.4248226623,
Brazil,BR,1983,2.15,30.580911920600002,
Brazil,BR,1984,2.15,29.915468347399997,
Brazil,BR,1985,2.15,25.7504500151,
Brazil,BR,1986,2.15,12.2656635096,
Brazil,BR,1987,2.15,19.9460516665,
Brazil,BR,1988,2.15,22.4180526173,
Brazil,BR,1989,2.15,20.403696678800003,
Brazil,BR,1990,2.15,23.9928109227,10401.843
Brazil,BR,1992,2.15,23.291227502199998,10103.788
Brazil,BR,1993,2.15,22.1008834396,10431.409
Brazil,BR,1995,2.15,14.736035418599998,11151.191
Brazil,BR,1996,2.15,16.0046802393,11224.399
Brazil,BR,1997,2.15,15.9762363526,11432.65
Brazil,BR,1998,2.15,14.337863716300001,11304.097
Brazil,BR,1999,2.15,14.9687380931,11196.839
Brazil,BR,2001,2.15,13.0421745574,11536.364
Brazil,BR,2002,2.15,11.7386403453,11739.432
Brazil,BR,2003,2.15,12.6058692815,11733.411
Brazil,BR,2004,2.15,11.0558118283,12268.664
Brazil,BR,2005,2.15,9.9629011088,12520.855
Brazil,BR,2006,2.15,8.2642355618,12877.444
Brazil,BR,2007,2.15,7.870375299600001,13518.848
Brazil,BR,2008,2.15,6.5076618763,14067.946
Brazil,BR,2009,2.15,6.1203919111000005,13916.963
Brazil,BR,2011,2.15,5.322490328300001,15271.47
Brazil,BR,2012,2.15,4.4935112384,15425.353
Brazil,BR,2013,2.15,3.7285516714000004,15751.484
Brazil,BR,2014,2.15,3.3259486005,15695.644
Brazil,BR,2015,2.15,3.8774728228,15011.577
Brazil,BR,2016,2.15,4.7061924452,14402.494
Brazil,BR,2017,2.15,5.2690492725,14477.861
Brazil,BR,2018,2.15,5.3017624951,14619.591
Brazil,BR,2019,2.15,5.3885808628,14685.128
Brazil,BR,2020,2.15,1.9495584569,14021.958
Brazil,BR,2021,2.15,5.824560283199999,14592.353
Bhutan,BT,2003,2.15,13.3622052976,4904.5107
Bhutan,BT,2007,2.15,5.8534211488,6577.4316
Bhutan,BT,2012,2.15,1.7303300426,8837.576
Bhutan,BT,2017,2.15,0.9457623986999999,10986.888
Bhutan,BT,2022,2.15,0.0015388477000000001,
Botswana,BW,1985,2.15,41.7943510086,
Botswana,BW,1993,2.15,34.109624023399995,9476.661
Botswana,BW,2002,2.15,29.139406727700003,11725.56
Botswana,BW,2009,2.15,17.6867085239,11729.565
Botswana,BW,2015,2.15,15.4262420302,13682.704
Central African Republic,CF,1992,2.15,82.1854721957,1049.1194
Central African Republic,CF,2008,2.15,61.8842224799,1038.3353
Central African Republic,CF,2021,2.15,65.6665098549,837.5047
Canada,CA,1971,2.15,2.2495910115,
Canada,CA,1973,2.15,1.7485467108,
Canada,CA,1975,2.15,1.4924182754000002,
Canada,CA,1977,2.15,1.2496603944,
Canada,CA,1979,2.15,1.2497067463,
Canada,CA,1981,2.15,0.7493492583,
Canada,CA,1982,2.15,0.7431092610000001,
Canada,CA,1984,2.15,0.7498345177,
Canada,CA,1985,2.15,0.49976912560000003,
Canada,CA,1986,2.15,0.9981897006999999,
Canada,CA,1987,2.15,0.499681667,
Canada,CA,1988,2.15,0.7493707175000001,
Canada,CA,1989,2.15,1.2493499365999998,
Canada,CA,1990,2.15,1.2484578007,
Canada,CA,1991,2.15,1.2476624586,
Canada,CA,1992,2.15,0.7468885075,
Canada,CA,1993,2.15,1.2476294652,
Canada,CA,1994,2.15,0.9895798882,
Canada,CA,1995,2.15,0.7468089546000001,
Canada,CA,1996,2.15,0.24951782099999997,
Canada,CA,1997,2.15,0.24771147649999997,36910.477
Canada,CA,1998,2.15,0.49965563339999997,38031.625
Canada,CA,1999,2.15,0.4909630583,39671.383
Canada,CA,2000,2.15,0.24782089470000002,41338.65
Canada,CA,2001,2.15,0.24938155739999998,41623.95
Canada,CA,2002,2.15,0.2423057653,42416.41
Canada,CA,2003,2.15,0.2371085437,42793.08
Canada,CA,2004,2.15,0.2435584937,43704.414
Canada,CA,2005,2.15,0.24498985560000003,44680.797
Canada,CA,2006,2.15,0.249147582,45396.84
Canada,CA,2007,2.15,0.24825242109999998,45888.477
Canada,CA,2008,2.15,0.2454622841,45851.63
Canada,CA,2009,2.15,0.2443097114,44003.617
Canada,CA,2010,2.15,0.24883100419999998,44861.523
Canada,CA,2011,2.15,0.2261453926,45822.598
Canada,CA,2012,2.15,0.2465214097,46126.516
Canada,CA,2013,2.15,0.49648544489999996,46704.76
Canada,CA,2014,2.15,0.2421580503,47564.61
Canada,CA,2015,2.15,0.2459044897,47522.14
Canada,CA,2016,2.15,0.2487136706,47457.586
Canada,CA,2017,2.15,0.247010647,48317.176
Canada,CA,2018,2.15,0.2499711087,48962.48
Canada,CA,2019,2.15,0.2486375387,49171.51
Switzerland,CH,1982,2.15,0.6974070746000001,
Switzerland,CH,1992,2.15,0.4945629417,55123.84
Switzerland,CH,2000,2.15,0.0,59980.332
Switzerland,CH,2002,2.15,0.0,60040.88
Switzerland,CH,2006,2.15,0.0465703569,64163.805
Switzerland,CH,2007,2.15,0.0208163999,66083.47
Switzerland,CH,2008,2.15,0.0684796054,67081.3
Switzerland,CH,2009,2.15,0.0380577311,64726.37
Switzerland,CH,2010,2.15,0.0486702062,66133.29
Switzerland,CH,2011,2.15,0.0031113163,66587.85
Switzerland,CH,2012,2.15,0.008965495300000001,66661.49
Switzerland,CH,2013,2.15,0.0421837433,67080.37
Switzerland,CH,2014,2.15,0.0327680639,67824.086
Switzerland,CH,2015,2.15,0.0305425563,68159.22
Switzerland,CH,2016,2.15,0.0342753317,68813.64
Switzerland,CH,2017,2.15,0.0,69103.57
Switzerland,CH,2018,2.15,0.030503981000000003,70558.56
Chile,CL,1987,2.15,15.380129399500001,
Chile,CL,1990,2.15,10.6680077799,9701.824
Chile,CL,1992,2.15,6.699598192800001,11256.21
Chile,CL,1994,2.15,6.7974642094,12221.508
Chile,CL,1996,2.15,4.6644677284,13825.156
Chile,CL,1998,2.15,4.586696712,15074.58
Chile,CL,2000,2.15,5.8262918157,15415.754
Chile,CL,2003,2.15,5.287876144099999,16636.654
Chile,CL,2006,2.15,2.0872687582,19339.488
Chile,CL,2009,2.15,1.7247626083,20255.1
Chile,CL,2011,2.15,0.9312064966999999,22323.723
Chile,CL,2013,2.15,0.5311709665,24011.592
Chile,CL,2015,2.15,0.43143427990000005,24464.746
Chile,CL,2017,2.15,0.33757934320000005,24546.912
Chile,CL,2020,2.15,0.7495030970000001,23017.69
China,CN,1981,2.15,91.62324187760001,
China,CN,1984,2.15,81.1597576467,
China,CN,1987,2.15,67.49782314710001,
China,CN,1990,2.15,71.9623393468,1423.8964
China,CN,1993,2.15,62.705994800300004,1949.5343
China,CN,1996,2.15,48.1404853482,2601.3635
China,CN,1999,2.15,45.9658419164,3206.73
China,CN,2002,2.15,36.502997977899994,4024.3557
China,CN,2005,2.15,22.1175232975,5334.6465
China,CN,2008,2.15,17.958987741599998,7412.8745
China,CN,2010,2.15,13.9022821507,8884.588
China,CN,2011,2.15,10.2252141147,9680.098
China,CN,2012,2.15,8.4928596622,10370.727
China,CN,2013,2.15,2.8830343487,11101.938
China,CN,2014,2.15,2.0791492596000003,11851.404
China,CN,2015,2.15,1.169680127,12612.352
China,CN,2016,2.15,0.8332689073999999,13399.138
China,CN,2017,2.15,0.6757139984999999,14243.532
China,CN,2018,2.15,0.42781485789999996,15133.996
China,CN,2019,2.15,0.1424285871,15977.764
China,CN,2020,2.15,0.1107742747,16296.779
Cote d'Ivoire,,1985,2.15,8.2296186141,
Cote d'Ivoire,,1986,2.15,4.4354845652,
Cote d'Ivoire,,1987,2.15,9.4303688664,
Cote d'Ivoire,,1988,2.15,13.449971683500001,
Cote d'Ivoire,,1992,2.15,27.058143218399998,3959.5618
Cote d'Ivoire,,1995,2.15,25.9062098362,3831.7156
Cote d'Ivoire,,1998,2.15,30.364795560500003,4255.1753
Cote d'Ivoire,,2002,2.15,29.0668459236,3664.5195
Cote d'Ivoire,,2008,2.15,34.4173508916,3461.7117
Cote d'Ivoire,,2015,2.15,33.4471379804,4347.778
Cote d'Ivoire,,2018,2.15,11.5022170219,4949.6147
Cameroon,CM,1996,2.15,50.3659006863,2749.52
Cameroon,CM,2001,2.15,25.6944463321,2985.578
Cameroon,CM,2007,2.15,31.423130154200003,3309.2822
Cameroon,CM,2014,2.15,25.6575177358,3530.2832
"Congo, Dem. Rep.",,2004,2.15,91.5004673255,
"Congo, Dem. Rep.",,2012,2.15,69.8637778178,
"Congo, Rep.",,2005,2.15,49.5537011256,
"Congo, Rep.",,2011,2.15,35.3574541559,
Colombia,CO,1980,2.15,20.7578027344,
Colombia,CO,1988,2.15,15.241328125,
Colombia,CO,1989,2.15,14.167324218700001,
Colombia,CO,1991,2.15,13.4106396484,8430.223
Colombia,CO,1992,2.15,9.5575136497,8598.992
Colombia,CO,1996,2.15,17.5736897922,9538.272
Colombia,CO,1999,2.15,21.3542781073,9023.621
Colombia,CO,2000,2.15,17.496917201600002,9138.319
Colombia,CO,2001,2.15,20.995247492300003,9146.405
Colombia,CO,2002,2.15,14.1781080207,9232.627
Colombia,CO,2003,2.15,13.0050381666,9453.328
Colombia,CO,2004,2.15,12.0075604686,9816.277
Colombia,CO,2005,2.15,10.7368169281,10150.708
Colombia,CO,2008,2.15,11.025410712600001,11507.525
Colombia,CO,2009,2.15,9.6022016963,11507.717
Colombia,CO,2010,2.15,8.2843885631,11890.203
Colombia,CO,2011,2.15,6.8281504682000005,12578.016
Colombia,CO,2012,2.15,6.7151166633,12934.966
Colombia,CO,2013,2.15,6.1117008869,13465.075
Colombia,CO,2014,2.15,5.4313827493,13938.231
Colombia,CO,2015,2.15,4.9254759629,14215.688
Colombia,CO,2016,2.15,4.9135301962,14358.168
Colombia,CO,2017,2.15,4.3394600507000005,14334.915
Colombia,CO,2018,2.15,4.4982611455,14426.435
Colombia,CO,2019,2.15,5.284737548,14616.135
Colombia,CO,2020,2.15,9.3598608693,13387.701
Colombia,CO,2021,2.15,6.613518166,14648.592
Comoros,KM,2004,2.15,14.6258242777,2881.5667
Comoros,KM,2014,2.15,18.6437217461,3183.157
Cabo Verde,CV,2001,2.15,19.5741543744,
Cabo Verde,CV,2007,2.15,10.5671162895,
Cabo Verde,CV,2015,2.15,4.5642310858,
Costa Rica,CR,1981,2.15,25.8598990716,
Costa Rica,CR,1986,2.15,13.922538362100001,
Costa Rica,CR,1989,2.15,10.5525711465,
Costa Rica,CR,1990,2.15,10.3798713461,9810.552
Costa Rica,CR,1991,2.15,12.4137389786,9781.46
Costa Rica,CR,1992,2.15,9.9417759946,10416.108
Costa Rica,CR,1993,2.15,8.5273534734,10882.049
Costa Rica,CR,1994,2.15,7.0410641711,11100.709
Costa Rica,CR,1995,2.15,7.1493027892,11290.96
Costa Rica,CR,1996,2.15,8.2209240766,11182.4795
Costa Rica,CR,1997,2.15,6.7248264311,11532.463
Costa Rica,CR,1998,2.15,5.2241963745,12092.476
Costa Rica,CR,1999,2.15,6.8184239097,12343.711
Costa Rica,CR,2000,2.15,6.926793802300001,12570.696
Costa Rica,CR,2001,2.15,5.0947590315,12771.951
Costa Rica,CR,2002,2.15,4.675287488,12986.001
Costa Rica,CR,2003,2.15,4.7242848332000005,13333.217
Costa Rica,CR,2004,2.15,4.6634712967,13713.009
Costa Rica,CR,2005,2.15,3.3339496526,14049.909
Costa Rica,CR,2006,2.15,3.3378454756,14864.781
Costa Rica,CR,2007,2.15,1.8206629955000002,15861.875
Costa Rica,CR,2008,2.15,2.4206099155,16385.002
Costa Rica,CR,2009,2.15,2.4773993368,16024.03
Costa Rica,CR,2010,2.15,1.4892362168,16667.016
Costa Rica,CR,2011,2.15,1.7502994358,17186.45
Costa Rica,CR,2012,2.15,1.6733679093000002,17809.941
Costa Rica,CR,2013,2.15,1.6425788141,18044.945
Costa Rica,CR,2014,2.15,1.5053034825,18480.652
Costa Rica,CR,2015,2.15,1.5732268531000002,18956.191
Costa Rica,CR,2016,2.15,1.3367380826,19553.6
Costa Rica,CR,2017,2.15,1.1723510478,20168.22
Costa Rica,CR,2018,2.15,1.5057525687000002,20503.277
Costa Rica,CR,2019,2.15,1.0571394791,20818.062
Costa Rica,CR,2020,2.15,2.2913266895,19824.348
Costa Rica,CR,2021,2.15,1.2421939677,21199.281
Costa Rica,CR,2022,2.15,0.8868735494,
Cyprus,CY,2004,2.15,0.0940679469,36505.75
Cyprus,CY,2005,2.15,0.0063513494,37730.066
Cyprus,CY,2006,2.15,0.0181988188,38854.914
Cyprus,CY,2007,2.15,0.0251591873,39975.53
Cyprus,CY,2008,2.15,0.0084702227,40405.895
Cyprus,CY,2009,2.15,0.1119649509,38542.918
Cyprus,CY,2010,2.15,0.0366700957,38405.41
Cyprus,CY,2011,2.15,0.0080451354,37593.93
Cyprus,CY,2012,2.15,0.0042377994,35749.05
Cyprus,CY,2013,2.15,0.0970185686,33471.805
Cyprus,CY,2014,2.15,0.0783297968,33241.19
Cyprus,CY,2015,2.15,0.026797831600000002,34573.973
Cyprus,CY,2016,2.15,0.0411490115,36678.098
Cyprus,CY,2017,2.15,0.0328288643,38421.97
Cyprus,CY,2018,2.15,0.0165065805,40099.836
Cyprus,CY,2019,2.15,0.1538317859,41746.918
Cyprus,CY,2020,2.15,0.012641974399999999,39471.582
Czech Republic,,1992,2.15,0.0,
Czech Republic,,1993,2.15,0.0161022949,
Czech Republic,,1996,2.15,0.0,
Czech Republic,,2002,2.15,0.0,
Czech Republic,,2004,2.15,0.0,
Czech Republic,,2005,2.15,0.004932986,
Czech Republic,,2006,2.15,0.0658106802,
Czech Republic,,2007,2.15,0.1159025643,
Czech Republic,,2008,2.15,0.0327798358,
Czech Republic,,2009,2.15,0.0120356214,
Czech Republic,,2010,2.15,0.0361783335,
Czech Republic,,2011,2.15,0.046060844100000005,
Czech Republic,,2012,2.15,0.0322071555,
Czech Republic,,2013,2.15,0.0456909288,
Czech Republic,,2014,2.15,0.0,
Czech Republic,,2015,2.15,0.0087645114,
Czech Republic,,2016,2.15,0.0,
Czech Republic,,2017,2.15,0.0,
Czech Republic,,2018,2.15,0.0088618155,
Czech Republic,,2019,2.15,0.0,
Czech Republic,,2020,2.15,0.0081421604,
Germany,DE,1991,2.15,0.0,38294.156
Germany,DE,1992,2.15,0.0,38734.938
Germany,DE,1993,2.15,0.0,38105.23
Germany,DE,1994,2.15,0.1976681699,38881.57
Germany,DE,1995,2.15,0.24792057020000002,39366.09
Germany,DE,1996,2.15,0.0,39568.6
Germany,DE,1997,2.15,0.0,40218.848
Germany,DE,1998,2.15,0.0,41022.613
Germany,DE,1999,2.15,0.0,41769.812
Germany,DE,2000,2.15,0.0,42928.18
Germany,DE,2001,2.15,0.0,43576.637
Germany,DE,2002,2.15,0.0,43417.31
Germany,DE,2003,2.15,0.0,43089.473
Germany,DE,2004,2.15,0.0,43605.277
Germany,DE,2005,2.15,0.0,43949.29
Germany,DE,2006,2.15,0.0,45678.082
Germany,DE,2007,2.15,0.0,47100.61
Germany,DE,2008,2.15,0.0,47643.223
Germany,DE,2009,2.15,0.0,45044.49
Germany,DE,2010,2.15,0.0,46999.24
Germany,DE,2011,2.15,0.0,49757.926
Germany,DE,2012,2.15,0.0,49872.45
Germany,DE,2013,2.15,0.0,49954.17
Germany,DE,2014,2.15,0.0,50845.527
Germany,DE,2015,2.15,0.0,51159.297
Germany,DE,2016,2.15,0.0,51879.67
Germany,DE,2017,2.15,0.24747899789999997,53071.457
Germany,DE,2018,2.15,0.0,53431.395
Germany,DE,2019,2.15,0.0,53874.316
Djibouti,DJ,2002,2.15,22.5472134967,
Djibouti,DJ,2012,2.15,19.691905165599998,
Djibouti,DJ,2013,2.15,24.9259821421,3664.268
Djibouti,DJ,2017,2.15,19.0792072931,4451.684
Denmark,DK,1987,2.15,0.4973955252,
Denmark,DK,1992,2.15,0.4939520068,40108.89
Denmark,DK,1995,2.15,0.0,43015.676
Denmark,DK,2000,2.15,0.0,48907.01
Denmark,DK,2003,2.15,0.3432745997,49262.645
Denmark,DK,2004,2.15,0.3149806578,50446.543
Denmark,DK,2005,2.15,0.2548475655,51483.273
Denmark,DK,2006,2.15,0.1375092064,53322.29
Denmark,DK,2007,2.15,0.0139144795,53569.027
Denmark,DK,2008,2.15,0.11321056639999999,52982.53
Denmark,DK,2009,2.15,0.4947751203,50114.05
Denmark,DK,2010,2.15,0.057294008599999995,50825.414
Denmark,DK,2011,2.15,0.0,51293.207
Denmark,DK,2012,2.15,0.0,51216.31
Denmark,DK,2013,2.15,0.3109156461,51479.266
Denmark,DK,2014,2.15,0.202610917,52048.336
Denmark,DK,2015,2.15,0.1754258588,52892.645
Denmark,DK,2016,2.15,0.2783869589,54185.008
Denmark,DK,2017,2.15,0.140905154,55356.68
Denmark,DK,2018,2.15,0.170111758,56178.773
Denmark,DK,2019,2.15,0.2514071791,56813.965
Denmark,DK,2020,2.15,0.1649913074,55518.598
Dominican Republic,DO,1986,2.15,6.8689794922,
Dominican Republic,DO,1989,2.15,17.4869726562,
Dominican Republic,DO,1992,2.15,7.625664062499999,6688.8706
Dominican Republic,DO,1996,2.15,6.450147179,7650.1133
Dominican Republic,DO,1997,2.15,6.8705067274,8189.046
Dominican Republic,DO,2000,2.15,6.7144300226,9246.31
Dominican Republic,DO,2001,2.15,5.1379631867,9333.57
Dominican Republic,DO,2002,2.15,7.6143242593,9613.332
Dominican Republic,DO,2003,2.15,8.697801564,9351.324
Dominican Republic,DO,2004,2.15,11.607310695599999,9460.913
Dominican Republic,DO,2005,2.15,7.4095428218,10215.499
Dominican Republic,DO,2006,2.15,6.2552230468,11009.275
Dominican Republic,DO,2007,2.15,6.067927765299999,11677.254
Dominican Republic,DO,2008,2.15,5.448599765,11899.228
Dominican Republic,DO,2009,2.15,4.679976905399999,11856.048
Dominican Republic,DO,2010,2.15,3.8692138916,12677.018
Dominican Republic,DO,2011,2.15,4.0552939642,12905.289
Dominican Republic,DO,2012,2.15,3.8488618638000003,13087.949
Dominican Republic,DO,2013,2.15,2.9718231458,13555.512
Dominican Republic,DO,2014,2.15,3.3559256684,14334.733
Dominican Republic,DO,2015,2.15,2.53498694,15145.47
Dominican Republic,DO,2016,2.15,2.0301723220000003,15967.202
Dominican Republic,DO,2017,2.15,1.0015451479,16524.533
Dominican Republic,DO,2018,2.15,0.835534409,17484.121
Dominican Republic,DO,2019,2.15,0.8326866173,18171.06
Dominican Republic,DO,2020,2.15,0.9594183589999999,16768.426
Dominican Republic,DO,2021,2.15,0.8537285128,18626.078
Algeria,DZ,1988,2.15,6.4203113351,
Algeria,DZ,1995,2.15,5.7705664061999995,8013.1235
Algeria,DZ,2011,2.15,0.4554675293,11113.969
Ecuador,EC,1987,2.15,17.6569063878,
Ecuador,EC,1994,2.15,17.3190412013,8466.249
Ecuador,EC,1995,2.15,13.808840015400001,8496.696
Ecuador,EC,1998,2.15,15.989939321400001,8825.487
Ecuador,EC,1999,2.15,21.8434490863,8263.377
Ecuador,EC,2000,2.15,28.430417637799998,8211.711
Ecuador,EC,2003,2.15,14.853653338,8670.211
Ecuador,EC,2004,2.15,15.0170408546,9220.325
Ecuador,EC,2005,2.15,11.8035074316,9542.225
Ecuador,EC,2006,2.15,8.1537838763,9792.422
Ecuador,EC,2007,2.15,8.51890075,9836.419
Ecuador,EC,2008,2.15,7.513952554099999,10284.954
Ecuador,EC,2009,2.15,7.3104997819,10170.651
Ecuador,EC,2010,2.15,5.678202258,10355.822
Ecuador,EC,2011,2.15,4.6691976986,10988.722
Ecuador,EC,2012,2.15,4.463144750700001,11424.152
Ecuador,EC,2013,2.15,3.2410893927,11806.924
Ecuador,EC,2014,2.15,2.6356108733,12073.811
Ecuador,EC,2015,2.15,3.4400664607,11908.216
Ecuador,EC,2016,2.15,3.5750272655999997,11587.825
Ecuador,EC,2017,2.15,3.2132530619,11679.431
Ecuador,EC,2018,2.15,3.3114906835999998,11608.419
Ecuador,EC,2019,2.15,3.5835841686,11390.217
Ecuador,EC,2020,2.15,6.519245121599999,10356.975
Ecuador,EC,2021,2.15,3.5831801962,10668.758
Ecuador,EC,2022,2.15,3.1807919477,
"Egypt, Arab Rep.",,1990,2.15,5.2945874023,
"Egypt, Arab Rep.",,1995,2.15,3.0367382812,
"Egypt, Arab Rep.",,1999,2.15,1.3830163574,
"Egypt, Arab Rep.",,2004,2.15,3.107613908,
"Egypt, Arab Rep.",,2008,2.15,2.8719029252,
"Egypt, Arab Rep.",,2010,2.15,1.0373141138,
"Egypt, Arab Rep.",,2012,2.15,0.8900780973000001,
"Egypt, Arab Rep.",,2015,2.15,0.9060301438,
"Egypt, Arab Rep.",,2017,2.15,2.5048510041000003,
"Egypt, Arab Rep.",,2019,2.15,1.4670147196,
Spain,ES,1980,2.15,0.49692679100000003,
Spain,ES,1985,2.15,0.237315547,
Spain,ES,1990,2.15,0.49442650279999995,27528.414
Spain,ES,1993,2.15,1.2375658342,27843.86
Spain,ES,1994,2.15,0.9975268847000001,28372.031
Spain,ES,1995,2.15,1.4823423858,29025.994
Spain,ES,1996,2.15,1.4911163945,29674.393
Spain,ES,1997,2.15,0.9859978332,30644.379
Spain,ES,1998,2.15,0.9527045209999999,31858.5
Spain,ES,1999,2.15,0.7201180078,33154.465
Spain,ES,2000,2.15,0.6753881542,34738.06
Spain,ES,2003,2.15,0.8087511121000001,36729.77
Spain,ES,2004,2.15,0.8176518085000001,37228.797
Spain,ES,2005,2.15,0.7379748878,37942.008
Spain,ES,2006,2.15,0.769631769,38836.594
Spain,ES,2007,2.15,0.3630408472,39498.59
Spain,ES,2008,2.15,0.4889185842,39218.293
Spain,ES,2009,2.15,0.8056004223000001,37409.645
Spain,ES,2010,2.15,0.6757251532,37298.47
Spain,ES,2011,2.15,1.1273296388999998,36863.492
Spain,ES,2012,2.15,0.9365936686,35749.51
Spain,ES,2013,2.15,1.1363040399,35363.51
Spain,ES,2014,2.15,0.787157227,35964.46
Spain,ES,2015,2.15,0.9035269886999999,37373.95
Spain,ES,2016,2.15,1.1252796344,38476.79
Spain,ES,2017,2.15,0.6780910855,39528.926
Spain,ES,2018,2.15,0.8386145427,40255.254
Spain,ES,2019,2.15,0.7938134245,40760.31
Spain,ES,2020,2.15,0.8863663023,35967.89
Estonia,EE,1993,2.15,1.3525048828,
Estonia,EE,1995,2.15,0.5897180176,12730.718
Estonia,EE,1998,2.15,0.162557373,16332.82
Estonia,EE,2000,2.15,1.4341082546,17765.207
Estonia,EE,2001,2.15,1.2181876474,18952.107
Estonia,EE,2002,2.15,1.3671544407,20364.008
Estonia,EE,2003,2.15,1.1772458994,22049.684
Estonia,EE,2004,2.15,0.5493765166,23691.152
Estonia,EE,2005,2.15,0.8116842371999999,26096.988
Estonia,EE,2006,2.15,0.8239719796,28814.92
Estonia,EE,2007,2.15,0.4253237083,31140.58
Estonia,EE,2008,2.15,0.3861775453,29621.764
Estonia,EE,2009,2.15,0.5550370589,25337.176
Estonia,EE,2010,2.15,0.7922195898000001,26015.746
Estonia,EE,2011,2.15,0.97961551,27990.137
Estonia,EE,2012,2.15,0.7397387485,28997.322
Estonia,EE,2013,2.15,0.8596547612000001,29525.12
Estonia,EE,2014,2.15,0.8305271275,30494.096
Estonia,EE,2015,2.15,0.6000405327,31038.805
Estonia,EE,2016,2.15,0.47005861730000004,32008.934
Estonia,EE,2017,2.15,0.2687060292,33821.934
Estonia,EE,2018,2.15,0.24873583349999998,34979.867
Estonia,EE,2019,2.15,0.5569403359,36153.434
Estonia,EE,2020,2.15,0.34865938069999997,35883.266
Ethiopia,ET,1981,2.15,71.4312597656,
Ethiopia,ET,1995,2.15,69.2071424258,671.541
Ethiopia,ET,1999,2.15,58.026523488399995,698.1934
Ethiopia,ET,2004,2.15,34.5767678359,781.9135
Ethiopia,ET,2010,2.15,30.7509347838,1236.4794
Ethiopia,ET,2015,2.15,26.984605665700002,1750.6727
Finland,FI,1987,2.15,0.0,
Finland,FI,1991,2.15,0.0,30831.61
Finland,FI,1995,2.15,0.0,31499.807
Finland,FI,2000,2.15,0.0,39894.195
Finland,FI,2003,2.15,0.0492750369,42168.695
Finland,FI,2004,2.15,0.0394139029,43724.965
Finland,FI,2005,2.15,0.0553152408,44786.91
Finland,FI,2006,2.15,0.0803754664,46412.2
Finland,FI,2007,2.15,0.0637425859,48664.266
Finland,FI,2008,2.15,0.053872226999999995,48817.99
Finland,FI,2009,2.15,0.052470086400000004,44662.1
Finland,FI,2010,2.15,0.053840696,45874.66
Finland,FI,2011,2.15,0.047390878000000004,46825.824
Finland,FI,2012,2.15,0.052725157700000004,45952.246
Finland,FI,2013,2.15,0.0851375854,45328.574
Finland,FI,2014,2.15,0.0661678401,44976.777
Finland,FI,2015,2.15,0.0702085105,45072.59
Finland,FI,2016,2.15,0.0472361445,46206.79
Finland,FI,2017,2.15,0.065777735,47570.133
Finland,FI,2018,2.15,0.0567742561,48048.523
Finland,FI,2019,2.15,0.0388292296,48583.434
Finland,FI,2020,2.15,0.027620898700000004,47443.902
Fiji,FJ,2002,2.15,1.6781588534999998,9618.807
Fiji,FJ,2008,2.15,1.0271411895,9961.513
Fiji,FJ,2013,2.15,0.36355158449999997,10830.61
Fiji,FJ,2019,2.15,1.3182688831,13241.354
France,FR,1970,2.15,0.0,
France,FR,1975,2.15,0.24901384379999997,
France,FR,1979,2.15,0.24820167939999999,
France,FR,1984,2.15,0.4992035901,
France,FR,1990,2.15,0.2475460461,33843.02
France,FR,1996,2.15,0.24863892359999998,35546.582
France,FR,1997,2.15,0.24609698330000002,36247.605
France,FR,1998,2.15,0.0,37409.395
France,FR,1999,2.15,0.0,38490.04
France,FR,2000,2.15,0.0,39726.49
France,FR,2001,2.15,0.0,40220.1
France,FR,2002,2.15,0.0,40381.46
France,FR,2003,2.15,0.1573575026,40425.637
France,FR,2004,2.15,0.049725943,41265.125
France,FR,2005,2.15,0.0430554523,41638.03
France,FR,2006,2.15,0.027628508,42362.984
France,FR,2007,2.15,0.014867865400000001,43123.5
France,FR,2008,2.15,0.009692239,42993.06
France,FR,2009,2.15,0.0443489977,41544.023
France,FR,2010,2.15,0.0873945695,42145.684
France,FR,2011,2.15,0.0257833919,42862.414
France,FR,2012,2.15,0.060952414,42789.05
France,FR,2013,2.15,0.060390083500000004,42813.934
France,FR,2014,2.15,0.0186786679,43021.395
France,FR,2015,2.15,0.13355504599999998,43345.785
France,FR,2016,2.15,0.058125882600000005,43705.15
France,FR,2017,2.15,0.0158882247,44577.066
France,FR,2018,2.15,0.021168054800000002,45245.96
France,FR,2019,2.15,0.0514489926,45922.793
France,FR,2020,2.15,0.11489582580000002,42233.14
"Micronesia, Fed. Sts.",,2000,2.15,43.4473548618,
"Micronesia, Fed. Sts.",,2005,2.15,8.5598070907,
"Micronesia, Fed. Sts.",,2013,2.15,16.028437644300002,
Gabon,GA,2005,2.15,5.4838230460999995,15028.367
Gabon,GA,2017,2.15,2.4686419565,14478.13
United Kingdom,,1968,2.15,0.22279997969999998,
United Kingdom,,1969,2.15,0.24375852,
United Kingdom,,1970,2.15,0.0,
United Kingdom,,1971,2.15,0.0,
United Kingdom,,1972,2.15,0.230067431,
United Kingdom,,1973,2.15,0.0,
United Kingdom,,1974,2.15,0.23836887289999997,
United Kingdom,,1975,2.15,0.23684762010000002,
United Kingdom,,1976,2.15,0.0,
United Kingdom,,1977,2.15,0.2446809181,
United Kingdom,,1978,2.15,0.0,
United Kingdom,,1979,2.15,0.0,
United Kingdom,,1980,2.15,0.0,
United Kingdom,,1981,2.15,0.0,
United Kingdom,,1982,2.15,0.0,
United Kingdom,,1983,2.15,0.0,
United Kingdom,,1984,2.15,0.0,
United Kingdom,,1985,2.15,0.2179448964,
United Kingdom,,1986,2.15,0.24667899570000001,
United Kingdom,,1987,2.15,0.0,
United Kingdom,,1988,2.15,0.0,
United Kingdom,,1989,2.15,0.2318226134,
United Kingdom,,1990,2.15,0.0,31537.848
United Kingdom,,1991,2.15,0.0,31093.643
United Kingdom,,1992,2.15,0.24008573049999998,31134.043
United Kingdom,,1993,2.15,0.24117000519999998,31832.818
United Kingdom,,1994,2.15,0.246627261,32973.06
United Kingdom,,1995,2.15,0.2471414099,33718.508
United Kingdom,,1996,2.15,0.24636719499999998,34274.41
United Kingdom,,1997,2.15,0.2472511323,35679.02
United Kingdom,,1998,2.15,0.24555744159999998,36698.41
United Kingdom,,1999,2.15,0.24853189050000002,37678.695
United Kingdom,,2000,2.15,0.24888538309999997,39080.867
United Kingdom,,2001,2.15,0.24793083670000002,39770.605
United Kingdom,,2002,2.15,0.24940576090000002,40303.867
United Kingdom,,2003,2.15,0.24987272789999998,41369.496
United Kingdom,,2004,2.15,0.2497664215,42099.395
United Kingdom,,2005,2.15,0.24664980679999998,42926.992
United Kingdom,,2006,2.15,0.23013962540000002,43533.22
United Kingdom,,2007,2.15,0.2437754077,44302.86
United Kingdom,,2008,2.15,0.2468744926,43887.707
United Kingdom,,2009,2.15,0.2489277106,41592.363
United Kingdom,,2010,2.15,0.2463516393,42270.434
United Kingdom,,2011,2.15,0.24730620949999998,42389.145
United Kingdom,,2012,2.15,0.24467661670000002,42705.15
United Kingdom,,2013,2.15,0.2444582326,43192.08
United Kingdom,,2014,2.15,0.2463004748,44247.03
United Kingdom,,2015,2.15,0.24924741420000002,44948.336
United Kingdom,,2016,2.15,0.24917285990000002,45574.848
United Kingdom,,2017,2.15,0.24929656349999998,46372.387
United Kingdom,,2018,2.15,0.4984822352,46878.137
United Kingdom,,2019,2.15,0.49803846569999993,47362.266
United Kingdom,,2020,2.15,0.4993337475,41984.105
Georgia,GE,1996,2.15,6.767305069300001,3740.4854
Georgia,GE,1997,2.15,18.7844711196,4268.6953
Georgia,GE,1998,2.15,16.9616402754,4511.489
Georgia,GE,1999,2.15,21.7903131987,4737.4053
Georgia,GE,2000,2.15,22.899906721,4919.232
Georgia,GE,2001,2.15,23.0084289502,5236.2227
Georgia,GE,2002,2.15,12.6895770875,5572.622
Georgia,GE,2003,2.15,12.9491280293,6230.822
Georgia,GE,2004,2.15,12.3720081535,6632.8145
Georgia,GE,2005,2.15,12.8827666629,7315.198
Georgia,GE,2006,2.15,12.590183620500001,8049.9062
Georgia,GE,2007,2.15,14.1970194502,9109.897
Georgia,GE,2008,2.15,12.4464651274,9358.614
Georgia,GE,2009,2.15,12.127902482400001,9097.421
Georgia,GE,2010,2.15,14.3642160341,9736.732
Georgia,GE,2011,2.15,13.401542432300001,10541.472
Georgia,GE,2012,2.15,10.666224525699999,11295.754
Georgia,GE,2013,2.15,8.0787151319,11740.089
Georgia,GE,2014,2.15,6.1270390087,12254.6455
Georgia,GE,2015,2.15,4.8794917669,12605.14
Georgia,GE,2016,2.15,4.9133715257,12963.744
Georgia,GE,2017,2.15,6.2298656408,13589.707
Georgia,GE,2018,2.15,5.5590802691,14253.409
Georgia,GE,2019,2.15,4.8486286417,14989.258
Georgia,GE,2020,2.15,5.8068674884,13966.326
Georgia,GE,2021,2.15,5.4850259814,15486.659
Ghana,GH,1987,2.15,58.3857289994,
Ghana,GH,1988,2.15,57.5424365234,
Ghana,GH,1991,2.15,64.16774637900001,2360.5127
Ghana,GH,1998,2.15,54.995036281599994,2671.266
Ghana,GH,2005,2.15,42.4677438157,3075.9626
Ghana,GH,2012,2.15,25.689972820399998,4402.546
Ghana,GH,2016,2.15,25.2085535489,4662.011
Guinea,GN,1991,2.15,87.870383326,1485.4352
Guinea,GN,1994,2.15,40.7894420417,1526.2556
Guinea,GN,2002,2.15,53.1878751468,1785.5734
Guinea,GN,2007,2.15,47.8870565232,1850.6372
Guinea,GN,2012,2.15,24.5441484893,1976.9581
Guinea,GN,2018,2.15,13.820099517100001,2471.719
"Gambia, The",,1998,2.15,74.0950557544,
"Gambia, The",,2003,2.15,50.685494085399995,
"Gambia, The",,2010,2.15,29.829495461900002,
"Gambia, The",,2015,2.15,13.3820668016,
"Gambia, The",,2020,2.15,17.2421335913,
Guinea-Bissau,GW,1991,2.15,42.7138598633,2057.1743
Guinea-Bissau,GW,1993,2.15,42.2325682011,1997.0764
Guinea-Bissau,GW,2002,2.15,53.1665867376,1628.7303
Guinea-Bissau,GW,2010,2.15,66.685115596,1697.4956
Guinea-Bissau,GW,2018,2.15,21.6604906171,1851.8866
Greece,GR,1995,2.15,1.7376754571,24920.729
Greece,GR,2000,2.15,0.4931054586,29133.84
Greece,GR,2003,2.15,0.49829755140000004,32981.35
Greece,GR,2004,2.15,0.6418320781,34564.91
Greece,GR,2005,2.15,0.3385617144,34670.184
Greece,GR,2006,2.15,0.5527156675,36520.047
Greece,GR,2007,2.15,0.49926444770000006,37619.66
Greece,GR,2008,2.15,0.34444377649999997,37394.17
Greece,GR,2009,2.15,0.6266352129999999,35691.945
Greece,GR,2010,2.15,0.9730683223000001,33693.21
Greece,GR,2011,2.15,1.1229174673,30318.404
Greece,GR,2012,2.15,1.455922365,28322.572
Greece,GR,2013,2.15,0.9551756299,27810.912
Greece,GR,2014,2.15,1.5131935194,28129.96
Greece,GR,2015,2.15,1.3700905715,28260.387
Greece,GR,2016,2.15,1.0391967587,28239.92
Greece,GR,2017,2.15,0.8727766804,28604.861
Greece,GR,2018,2.15,0.1395626743,29141.174
Greece,GR,2019,2.15,0.6895517357000001,29721.586
Greece,GR,2020,2.15,0.8064955208,27103.541
Guatemala,GT,1986,2.15,49.702813810200006,
Guatemala,GT,1989,2.15,36.9952329471,
Guatemala,GT,1998,2.15,13.996459960900001,6338.338
Guatemala,GT,2000,2.15,9.607775878,6499.8833
Guatemala,GT,2006,2.15,11.6501052248,6972.382
Guatemala,GT,2014,2.15,9.521302730599999,7939.3745
Guyana,GY,1992,2.15,29.3844037959,5522.385
Guyana,GY,1998,2.15,11.8970365563,7556.1753
Honduras,HN,1986,2.15,49.4057387478,
Honduras,HN,1989,2.15,39.9595605946,
Honduras,HN,1990,2.15,41.9974516723,3912.7021
Honduras,HN,1991,2.15,30.774722773199997,3678.262
Honduras,HN,1992,2.15,26.968342567999997,3793.7112
Honduras,HN,1993,2.15,21.429637671000002,3928.3718
Honduras,HN,1994,2.15,24.3044411937,3827.9932
Honduras,HN,1995,2.15,26.229054603,3953.1025
Honduras,HN,1996,2.15,28.5509636886,3916.7415
Honduras,HN,1997,2.15,19.590013650099998,3985.1077
Honduras,HN,1998,2.15,24.5438679126,4020.5857
Honduras,HN,1999,2.15,24.925199926300003,3886.9856
Honduras,HN,2001,2.15,19.8371181326,4058.1116
Honduras,HN,2002,2.15,21.995176958400002,4101.277
Honduras,HN,2003,2.15,26.4994698578,4179.423
Honduras,HN,2004,2.15,25.433018682000004,4330.7393
Honduras,HN,2005,2.15,25.0670384434,4482.758
Honduras,HN,2006,2.15,21.142115764,4665.767
Honduras,HN,2007,2.15,15.6429918782,4842.423
Honduras,HN,2008,2.15,15.244035398,4936.869
Honduras,HN,2009,2.15,12.322079275,4714.679
Honduras,HN,2010,2.15,13.802201957800001,4790.1094
Honduras,HN,2011,2.15,14.3230903997,4874.8735
Honduras,HN,2012,2.15,16.9927052618,4978.074
Honduras,HN,2013,2.15,14.568504707599999,5020.937
Honduras,HN,2014,2.15,13.2821766648,5079.7036
Honduras,HN,2015,2.15,12.977553918599998,5180.1865
Honduras,HN,2016,2.15,14.6069827253,5287.253
Honduras,HN,2017,2.15,13.855521659899999,5447.6987
Honduras,HN,2018,2.15,14.233573454,5561.2627
Honduras,HN,2019,2.15,12.742991740699999,5613.6606
Croatia,HR,1988,2.15,0.0405114746,
Croatia,HR,1998,2.15,0.0,17737.672
Croatia,HR,1999,2.15,0.22358032230000002,17681.547
Croatia,HR,2000,2.15,0.089329834,18368.258
Croatia,HR,2001,2.15,0.0771252441,19675.709
Croatia,HR,2004,2.15,0.0,22853.732
Croatia,HR,2008,2.15,0.0,26735.941
Croatia,HR,2009,2.15,0.0344211981,24838.78
Croatia,HR,2010,2.15,0.0,24590.521
Croatia,HR,2011,2.15,0.6253362791,24654.197
Croatia,HR,2012,2.15,0.7874020657,24153.059
Croatia,HR,2013,2.15,0.7288681085000001,24124.064
Croatia,HR,2014,2.15,0.9818140716,24118.531
Croatia,HR,2015,2.15,0.5948145129,24931.486
Croatia,HR,2016,2.15,0.6159909582,25999.834
Croatia,HR,2017,2.15,0.5171488002,27211.824
Croatia,HR,2018,2.15,0.43755046519999996,28225.002
Croatia,HR,2019,2.15,0.25992585079999997,29352.79
Croatia,HR,2020,2.15,0.3139338613,26950.719
Haiti,HT,2001,2.15,67.8336338754,2917.1135
Haiti,HT,2012,2.15,29.192194852300002,3015.8586
Hungary,HU,1987,2.15,0.0649206543,
Hungary,HU,1989,2.15,0.0771252441,
Hungary,HU,1991,2.15,1.6757865883,16429.701
Hungary,HU,1993,2.15,0.1869665527,15858.785
Hungary,HU,1994,2.15,1.2412217600000002,16348.531
Hungary,HU,1998,2.15,0.0469698105,17928.734
Hungary,HU,1999,2.15,0.0712974931,18531.75
Hungary,HU,2000,2.15,0.0608862824,19412.184
Hungary,HU,2001,2.15,0.0,20249.447
Hungary,HU,2002,2.15,0.0,21270.012
Hungary,HU,2003,2.15,0.018131862699999998,22200.104
Hungary,HU,2004,2.15,0.0,23362.812
Hungary,HU,2005,2.15,0.0,24414.582
Hungary,HU,2006,2.15,0.0,25417.547
Hungary,HU,2007,2.15,0.0,25527.564
Hungary,HU,2008,2.15,0.0212650511,25829.033
Hungary,HU,2009,2.15,0.0647928151,24162.268
Hungary,HU,2010,2.15,0.0717931565,24477.576
Hungary,HU,2011,2.15,0.0915637299,25005.287
Hungary,HU,2012,2.15,0.3257590315,24820.516
Hungary,HU,2013,2.15,0.1802988056,25337.588
Hungary,HU,2014,2.15,0.6576743881,26481.166
Hungary,HU,2015,2.15,0.6261548298999999,27528.307
Hungary,HU,2016,2.15,1.3487225824,28217.354
Hungary,HU,2017,2.15,0.6092673411,29501.121
Hungary,HU,2018,2.15,0.20753035430000003,31122.502
Hungary,HU,2019,2.15,0.3017024617,32649.143
Hungary,HU,2020,2.15,0.3514764117,31231.596
Indonesia,ID,1984,2.15,74.1662418152,
Indonesia,ID,1987,2.15,74.3192333698,
Indonesia,ID,1990,2.15,62.7512475195,4519.7227
Indonesia,ID,1993,2.15,62.096774370300004,5200.023
Indonesia,ID,1996,2.15,51.2826005394,6212.6714
Indonesia,ID,1998,2.15,69.12381028259999,5474.5977
Indonesia,ID,1999,2.15,45.9681334429,5435.7554
Indonesia,ID,2000,2.15,43.6034210534,5621.262
Indonesia,ID,2001,2.15,39.873125964799996,5744.494
Indonesia,ID,2002,2.15,26.7941653108,5921.0776
Indonesia,ID,2003,2.15,26.447795554,6121.666
Indonesia,ID,2004,2.15,27.014862638999997,6348.2944
Indonesia,ID,2005,2.15,24.6438336487,6625.6147
Indonesia,ID,2006,2.15,30.5864987626,6899.851
Indonesia,ID,2007,2.15,25.2490579618,7242.018
Indonesia,ID,2008,2.15,24.746971259,7578.205
Indonesia,ID,2009,2.15,20.957840315000002,7828.809
Indonesia,ID,2010,2.15,18.2530909074,8212.635
Indonesia,ID,2011,2.15,15.693081808199999,8610.529
Indonesia,ID,2012,2.15,13.7353172426,9015.801
Indonesia,ID,2013,2.15,11.178796372299999,9402.108
Indonesia,ID,2014,2.15,9.2619183647,9759.025
Indonesia,ID,2015,2.15,8.2762874944,10121.841
Indonesia,ID,2016,2.15,7.5173605571,10519.295
Indonesia,ID,2017,2.15,6.6183476836,10941.921
Indonesia,ID,2018,2.15,5.4243000239,11397.432
Indonesia,ID,2019,2.15,4.3805744575,11857.789
Indonesia,ID,2020,2.15,3.8313687470000004,11515.74
Indonesia,ID,2021,2.15,3.5474440272,11858.146
Indonesia,ID,2022,2.15,2.4729117009,
India,IN,1977,2.15,63.113435342799995,
India,IN,1983,2.15,56.2628326927,
India,IN,1987,2.15,50.588041167300005,
India,IN,1993,2.15,47.6445737525,1908.5782
India,IN,2004,2.15,39.9096544483,3037.0637
India,IN,2009,2.15,32.8671260799,3937.2375
India,IN,2011,2.15,22.532261666,4374.2324
India,IN,2015,2.15,18.7305572342,5411.8755
India,IN,2016,2.15,18.1063452191,5789.678
India,IN,2017,2.15,13.365695876799998,6112.0664
India,IN,2018,2.15,11.087926079599999,6436.1533
India,IN,2019,2.15,12.7312957545,6608.624
India,IN,2020,2.15,14.7233460427,6114.0317
India,IN,2021,2.15,11.8991602614,6592.042
Ireland,IE,1987,2.15,0.689184037,
Ireland,IE,1994,2.15,0.1634337665,29901.75
Ireland,IE,1995,2.15,0.1760975226,32614.967
Ireland,IE,1996,2.15,0.2240180846,34745.805
Ireland,IE,2000,2.15,0.1782721973,48500.348
Ireland,IE,2002,2.15,0.23505183470000002,52342.86
Ireland,IE,2003,2.15,0.1276327125,53049.168
Ireland,IE,2004,2.15,0.0521059392,55623.887
Ireland,IE,2005,2.15,0.0217056876,57548.996
Ireland,IE,2006,2.15,0.39843080039999995,58812.305
Ireland,IE,2007,2.15,0.0984962727,60170.418
Ireland,IE,2008,2.15,0.180506709,56312.504
Ireland,IE,2009,2.15,0.4906021567,52902.887
Ireland,IE,2010,2.15,0.5427571358000001,53500.914
Ireland,IE,2011,2.15,0.544944668,53712.285
Ireland,IE,2012,2.15,0.3350123655,53482.2
Ireland,IE,2013,2.15,0.6822285012,53800.207
Ireland,IE,2014,2.15,0.3889537933,58027.84
Ireland,IE,2015,2.15,0.3676275641,71490.805
Ireland,IE,2016,2.15,0.13472612080000002,72106.8
Ireland,IE,2017,2.15,0.2431961155,77749.2
Ireland,IE,2018,2.15,0.0039213858,83340.39
Ireland,IE,2019,2.15,0.0580115574,86681.27
Ireland,IE,2020,2.15,0.14430558699999999,91099.75
"Iran, Islamic Rep.",,1986,2.15,9.1390332031,
"Iran, Islamic Rep.",,1990,2.15,8.4311669922,
"Iran, Islamic Rep.",,1994,2.15,4.4768798828000005,
"Iran, Islamic Rep.",,1998,2.15,4.5256982422,
"Iran, Islamic Rep.",,2005,2.15,1.0210204658,
"Iran, Islamic Rep.",,2006,2.15,0.8490967320999999,
"Iran, Islamic Rep.",,2009,2.15,1.4918264068,
"Iran, Islamic Rep.",,2013,2.15,0.3053324637,
"Iran, Islamic Rep.",,2014,2.15,0.8125960798999999,
"Iran, Islamic Rep.",,2015,2.15,0.7442687694,
"Iran, Islamic Rep.",,2016,2.15,0.6932868714,
"Iran, Islamic Rep.",,2017,2.15,0.5567909561000001,
"Iran, Islamic Rep.",,2018,2.15,0.8695603502,
"Iran, Islamic Rep.",,2019,2.15,0.9220822952,
Iraq,IQ,2006,2.15,0.0351821391,7292.887
Iraq,IQ,2012,2.15,0.08875246690000001,9251.982
Iceland,IS,2003,2.15,0.0,43095.355
Iceland,IS,2004,2.15,0.170065497,46051.742
Iceland,IS,2005,2.15,0.0370196596,48104.652
Iceland,IS,2006,2.15,0.14680485780000002,49956.848
Iceland,IS,2007,2.15,0.0806141699,52827.01
Iceland,IS,2008,2.15,0.0608150032,52999.438
Iceland,IS,2009,2.15,0.09720067069999999,48770.95
Iceland,IS,2010,2.15,0.1493844884,47457.62
Iceland,IS,2011,2.15,0.1232839623,48186.168
Iceland,IS,2012,2.15,0.0335558173,48440.254
Iceland,IS,2013,2.15,0.0470263443,50168.688
Iceland,IS,2014,2.15,0.0,50450.742
Iceland,IS,2015,2.15,0.0344901833,52142.934
Iceland,IS,2016,2.15,0.0,54665.766
Iceland,IS,2017,2.15,0.0,55638.492
Israel,IL,1979,2.15,0.0,
Israel,IL,1986,2.15,0.2355004868,
Israel,IL,1992,2.15,0.21532727529999998,
Israel,IL,1997,2.15,0.24560835809999998,27858.4
Israel,IL,2001,2.15,0.2489777723,29618.418
Israel,IL,2002,2.15,0.48042534519999996,28994.697
Israel,IL,2003,2.15,0.4627058425,28872.818
Israel,IL,2004,2.15,0.49913886420000003,29724.146
Israel,IL,2005,2.15,0.48331529289999997,30412.078
Israel,IL,2006,2.15,0.2249658059,31547.232
Israel,IL,2007,2.15,0.4918123848,32861.67
Israel,IL,2008,2.15,0.4835079031,33332.59
Israel,IL,2009,2.15,0.4916277452,32832.73
Israel,IL,2010,2.15,0.2276783534,34065.844
Israel,IL,2011,2.15,0.2307705919,35301.82
Israel,IL,2012,2.15,0.7390073898,35552.85
Israel,IL,2013,2.15,0.45378033609999996,36436.383
Israel,IL,2014,2.15,0.49243242010000005,37144.48
Israel,IL,2015,2.15,0.49385365470000003,37321.016
Israel,IL,2016,2.15,0.24139464330000002,38251.297
Israel,IL,2017,2.15,0.4574248199,39121.297
Israel,IL,2018,2.15,0.4967662373,39936.77
Italy,IT,1986,2.15,0.20574409950000003,
Italy,IT,1987,2.15,1.2409263839,
Italy,IT,1989,2.15,0.0,
Italy,IT,1991,2.15,0.2477169432,37122.82
Italy,IT,1993,2.15,1.2232189014000001,37065.434
Italy,IT,1995,2.15,0.7423290681,38947.203
Italy,IT,1998,2.15,1.7424412616000002,40844.746
Italy,IT,2000,2.15,1.2495170262,43053.934
Italy,IT,2003,2.15,0.7694032961999999,43781.22
Italy,IT,2004,2.15,0.604520633,44118.035
Italy,IT,2005,2.15,0.6472902182,44260.83
Italy,IT,2006,2.15,0.6534362452,44918.17
Italy,IT,2007,2.15,0.6802429744999999,45356.535
Italy,IT,2008,2.15,0.7041794906000001,44623.6
Italy,IT,2009,2.15,0.9115793038,42074.92
Italy,IT,2010,2.15,1.2652895258,42664.355
Italy,IT,2011,2.15,1.1560481495000001,42892.305
Italy,IT,2012,2.15,1.2006084908,41501.71
Italy,IT,2013,2.15,1.3731672065,40268.113
Italy,IT,2014,2.15,1.2321202993,39898.527
Italy,IT,2015,2.15,1.9488664076000002,40247.83
Italy,IT,2016,2.15,1.6299454933000002,40837.74
Italy,IT,2017,2.15,1.4216342526,41581.12
Italy,IT,2018,2.15,1.4576468712,42045.92
Italy,IT,2019,2.15,0.9943458763,42739.05
Italy,IT,2020,2.15,0.8277917637000001,39065.28
Jamaica,JM,1988,2.15,4.6355395508,
Jamaica,JM,1990,2.15,2.8804874671,8692.502
Jamaica,JM,1993,2.15,7.4181860352,9889.122
Jamaica,JM,1996,2.15,2.5628608119000003,9951.085
Jamaica,JM,1999,2.15,2.314703246,9471.599
Jamaica,JM,2002,2.15,2.1286912557999997,9719.603
Jamaica,JM,2004,2.15,1.177245927,10110.535
Jordan,JO,1986,2.15,0.0,
Jordan,JO,1992,2.15,0.638536377,8500.025
Jordan,JO,1997,2.15,0.40664916989999994,8530.064
Jordan,JO,2002,2.15,0.195180505,9463.036
Jordan,JO,2006,2.15,0.09088745129999999,10862.462
Jordan,JO,2008,2.15,0.0108050569,11540.403
Jordan,JO,2010,2.15,0.0408548828,11866.881
Japan,JP,2008,2.15,0.4798256079,38781.2
Japan,JP,2010,2.15,0.0,38069.957
Japan,JP,2013,2.15,0.7278878874,39569.637
Kazakhstan,KZ,1993,2.15,8.435302842,10292.198
Kazakhstan,KZ,1996,2.15,7.9405092009,8726.538
Kazakhstan,KZ,2001,2.15,12.814419388600001,11682.842
Kazakhstan,KZ,2002,2.15,8.8873720771,12827.231
Kazakhstan,KZ,2003,2.15,6.1678131877,13973.078
Kazakhstan,KZ,2004,2.15,3.3167065901,15208.44
Kazakhstan,KZ,2005,2.15,8.6614213469,16536.016
Kazakhstan,KZ,2006,2.15,1.0114723183,18112.78
Kazakhstan,KZ,2007,2.15,0.3855486132,19500.479
Kazakhstan,KZ,2008,2.15,0.24286519069999998,19770.217
Kazakhstan,KZ,2009,2.15,0.2441653166,19614.734
Kazakhstan,KZ,2010,2.15,0.1951229044,20751.258
Kazakhstan,KZ,2011,2.15,0.07109477069999999,21970.084
Kazakhstan,KZ,2012,2.15,0.038424108,22702.578
Kazakhstan,KZ,2013,2.15,0.0331096286,23720.816
Kazakhstan,KZ,2014,2.15,0.019275258599999998,24355.756
Kazakhstan,KZ,2015,2.15,0.0382705867,24290.418
Kazakhstan,KZ,2016,2.15,0.0505287176,24210.863
Kazakhstan,KZ,2017,2.15,0.0414989968,24862.967
Kazakhstan,KZ,2018,2.15,0.015140791099999999,25544.346
Kenya,KE,1992,2.15,26.445141601599996,3455.4915
Kenya,KE,1994,2.15,25.8805540727,3357.7104
Kenya,KE,1997,2.15,25.393863168899998,3379.8965
Kenya,KE,2005,2.15,36.673839214699996,3399.404
Kenya,KE,2015,2.15,29.365105855,4163.925
Kenya,KE,2020,2.15,35.0316063103,4498.383
Kenya,KE,2021,2.15,36.1460557542,4743.4863
Kyrgyz Republic,,1998,2.15,28.4234572203,
Kyrgyz Republic,,2000,2.15,38.1824401436,
Kyrgyz Republic,,2001,2.15,33.356902645699996,
Kyrgyz Republic,,2002,2.15,31.149362552699998,
Kyrgyz Republic,,2003,2.15,25.703178749,
Kyrgyz Republic,,2004,2.15,11.575469491,
Kyrgyz Republic,,2005,2.15,13.574837116200001,
Kyrgyz Republic,,2006,2.15,8.3714342018,
Kyrgyz Republic,,2007,2.15,8.752659227499999,
Kyrgyz Republic,,2008,2.15,3.3092885175,
Kyrgyz Republic,,2009,2.15,1.5469307022999998,
Kyrgyz Republic,,2010,2.15,3.5214179898999998,
Kyrgyz Republic,,2011,2.15,1.2577704076,
Kyrgyz Republic,,2012,2.15,2.6298147157000002,
Kyrgyz Republic,,2013,2.15,2.6200040905,
Kyrgyz Republic,,2014,2.15,1.0484435732000001,
Kyrgyz Republic,,2015,2.15,2.1805963239,
Kyrgyz Republic,,2016,2.15,1.1435104102,
Kyrgyz Republic,,2017,2.15,1.2685745389,
Kyrgyz Republic,,2018,2.15,0.7358914731,
Kyrgyz Republic,,2019,2.15,0.6590636676,
Kyrgyz Republic,,2020,2.15,1.3309736024,
Kiribati,KI,2006,2.15,14.027152337699999,1971.3988
Kiribati,KI,2019,2.15,1.6780768102999999,1990.518
"Korea, Rep.",,2006,2.15,0.2494423425,
"Korea, Rep.",,2008,2.15,0.2427591093,
"Korea, Rep.",,2010,2.15,0.4958997221,
"Korea, Rep.",,2012,2.15,0.249280626,
"Korea, Rep.",,2014,2.15,0.235642859,
"Korea, Rep.",,2016,2.15,0.22666514270000002,
Lao PDR,,1992,2.15,23.7008033965,
Lao PDR,,1997,2.15,43.1954438581,
Lao PDR,,2002,2.15,25.3698817357,
Lao PDR,,2007,2.15,19.546540119899998,
Lao PDR,,2012,2.15,10.8910442344,
Lao PDR,,2018,2.15,7.138362828899999,
Lebanon,LB,2011,2.15,0.0,19216.969
Liberia,LR,2007,2.15,53.3477759562,1311.4453
Liberia,LR,2014,2.15,25.930762339500003,1613.8655
Liberia,LR,2016,2.15,27.617747899900003,1525.458
St. Lucia,,1995,2.15,38.1249181047,
St. Lucia,,2016,2.15,5.1228049705,
Sri Lanka,LK,1985,2.15,16.9499707031,
Sri Lanka,LK,1990,2.15,11.616388266,4011.6562
Sri Lanka,LK,1995,2.15,11.7752736067,4955.054
Sri Lanka,LK,2002,2.15,11.017083250699999,6205.528
Sri Lanka,LK,2006,2.15,5.629364564299999,7674.5137
Sri Lanka,LK,2009,2.15,3.4954608679,8800.107
Sri Lanka,LK,2012,2.15,2.5871486589,11055.634
Sri Lanka,LK,2016,2.15,1.2953176123999999,12904.854
Sri Lanka,LK,2019,2.15,0.9586125507000001,13639.021
Lesotho,LS,1986,2.15,54.076936254100005,
Lesotho,LS,1994,2.15,53.7465346535,1495.9482
Lesotho,LS,2002,2.15,66.3390897419,1789.136
Lesotho,LS,2017,2.15,32.3999109936,2571.694
Lithuania,LT,1993,2.15,6.6169633031,
Lithuania,LT,1996,2.15,0.0,11274.64
Lithuania,LT,1998,2.15,0.32259647140000003,13317.908
Lithuania,LT,1999,2.15,0.2931133703,13259.617
Lithuania,LT,2000,2.15,0.24524175330000003,13846.684
Lithuania,LT,2001,2.15,0.578524742,14872.379
Lithuania,LT,2002,2.15,0.503803479,16004.438
Lithuania,LT,2003,2.15,0.1946759537,17839.783
Lithuania,LT,2004,2.15,0.092465658,19226.469
Lithuania,LT,2005,2.15,1.7817267987999998,21053.186
Lithuania,LT,2006,2.15,1.523017096,22977.996
Lithuania,LT,2007,2.15,1.3395644322,25835.367
Lithuania,LT,2008,2.15,0.149395424,26784.88
Lithuania,LT,2009,2.15,2.243250605,23065.062
Lithuania,LT,2010,2.15,1.5343399194,23942.76
Lithuania,LT,2011,2.15,0.7005750768,25968.584
Lithuania,LT,2012,2.15,0.9477925821000001,27330.896
Lithuania,LT,2013,2.15,0.7050081524999999,28589.027
Lithuania,LT,2014,2.15,1.2620259829,29855.832
Lithuania,LT,2015,2.15,0.7198586038,30748.197
Lithuania,LT,2016,2.15,1.2705059217999999,31925.803
Lithuania,LT,2017,2.15,1.0225072641,33761.87
Lithuania,LT,2018,2.15,0.9250136524999999,35446.707
Lithuania,LT,2019,2.15,0.5479296562,37184.453
Lithuania,LT,2020,2.15,0.1894733336,37166.41
Luxembourg,LU,1985,2.15,0.0,
Luxembourg,LU,1986,2.15,0.0,
Luxembourg,LU,1987,2.15,0.0,
Luxembourg,LU,1988,2.15,0.0,
Luxembourg,LU,1989,2.15,0.0,
Luxembourg,LU,1990,2.15,0.0,70860.82
Luxembourg,LU,1991,2.15,0.0,75961.67
Luxembourg,LU,1992,2.15,0.0,76323.305
Luxembourg,LU,1993,2.15,0.0,78468.92
Luxembourg,LU,1994,2.15,0.0,80365.23
Luxembourg,LU,1995,2.15,0.0,80379.125
Luxembourg,LU,1996,2.15,0.0,80401.03
Luxembourg,LU,1997,2.15,0.0,83702.81
Luxembourg,LU,1998,2.15,0.0,88185.8
Luxembourg,LU,1999,2.15,0.0,94115.38
Luxembourg,LU,2000,2.15,0.0,99301.52
Luxembourg,LU,2001,2.15,0.0,101143.15
Luxembourg,LU,2002,2.15,0.0,103317.33
Luxembourg,LU,2003,2.15,0.0717466901,104743.0
Luxembourg,LU,2004,2.15,0.0181923313,107634.836
Luxembourg,LU,2005,2.15,0.0346940503,108632.36
Luxembourg,LU,2006,2.15,0.0,113346.04
Luxembourg,LU,2007,2.15,0.021916223800000002,120647.82
Luxembourg,LU,2008,2.15,0.0,118154.664
Luxembourg,LU,2009,2.15,0.0441110228,112230.08
Luxembourg,LU,2010,2.15,0.0,114343.984
Luxembourg,LU,2011,2.15,0.1175793453,112998.39
Luxembourg,LU,2012,2.15,0.0436189462,112137.13
Luxembourg,LU,2013,2.15,0.0891033103,113050.664
Luxembourg,LU,2014,2.15,0.1399249128,113313.58
Luxembourg,LU,2015,2.15,0.3001245228,113182.73
Luxembourg,LU,2016,2.15,0.117219513,116283.7
Luxembourg,LU,2017,2.15,0.283129861,114985.84
Luxembourg,LU,2018,2.15,0.2848178588,114164.47
Luxembourg,LU,2019,2.15,0.10118747110000001,114542.5
Luxembourg,LU,2020,2.15,0.0,111751.31
Latvia,LV,1993,2.15,0.0161022949,
Latvia,LV,1995,2.15,0.0305729703,9599.146
Latvia,LV,1996,2.15,1.7655891884000001,9959.121
Latvia,LV,1997,2.15,2.1971015725000003,10947.781
Latvia,LV,1998,2.15,1.756435327,11751.714
Latvia,LV,2002,2.15,0.7171941301,15157.621
Latvia,LV,2003,2.15,0.6044630718999999,16593.918
Latvia,LV,2004,2.15,0.28444553040000004,18165.75
Latvia,LV,2005,2.15,2.362021695,20331.7
Latvia,LV,2006,2.15,1.5533316634,22975.562
Latvia,LV,2007,2.15,0.0213054285,25466.783
Latvia,LV,2008,2.15,0.0271271872,24899.646
Latvia,LV,2009,2.15,0.35493137750000003,21704.324
Latvia,LV,2010,2.15,1.7326764272,21173.402
Latvia,LV,2011,2.15,1.0286085721,22117.406
Latvia,LV,2012,2.15,1.0676994343000001,23970.453
Latvia,LV,2013,2.15,1.1653787425,24715.066
Latvia,LV,2014,2.15,0.7913559057999999,25423.488
Latvia,LV,2015,2.15,0.6503109651000001,26628.355
Latvia,LV,2016,2.15,0.6469512713000001,27509.336
Latvia,LV,2017,2.15,0.7972178657,28673.562
Latvia,LV,2018,2.15,0.3600024334,30051.402
Latvia,LV,2019,2.15,0.23910079690000002,31038.68
Latvia,LV,2020,2.15,0.4550118181,30568.502
Morocco,MA,1984,2.15,13.1953727341,
Morocco,MA,1990,2.15,4.7288021603,3595.3337
Morocco,MA,1998,2.15,8.3753339656,4103.551
Morocco,MA,2000,2.15,7.9340316454,4111.6504
Morocco,MA,2006,2.15,4.2422663768,5189.355
Morocco,MA,2013,2.15,1.4431101154000001,6352.433
Moldova,,1997,2.15,13.0094802546,5479.195
Moldova,,1998,2.15,24.0474022088,5122.8047
Moldova,,1999,2.15,33.5088554859,4958.034
Moldova,,2000,2.15,31.0843805061,5072.8413
Moldova,,2001,2.15,23.255725120599998,5394.3345
Moldova,,2002,2.15,13.5586222585,5828.5747
Moldova,,2003,2.15,5.6087055493,6230.782
Moldova,,2004,2.15,6.550409060400001,6708.4395
Moldova,,2005,2.15,10.8748599749,7229.1406
Moldova,,2006,2.15,1.9625396901999999,7597.2246
Moldova,,2007,2.15,0.9524417182999999,7843.2944
Moldova,,2008,2.15,0.9574248622999999,8471.181
Moldova,,2009,2.15,0.6580167233,7972.9707
Moldova,,2010,2.15,0.41040124299999997,8547.581
Moldova,,2011,2.15,0.21669710320000002,9050.126
Moldova,,2012,2.15,0.1385103524,8997.934
Moldova,,2013,2.15,0.025188604600000004,9814.323
Moldova,,2014,2.15,0.0,10311.288
Moldova,,2015,2.15,0.031209243900000003,10355.539
Moldova,,2016,2.15,0.1080544115,10938.585
Moldova,,2017,2.15,0.0,11651.187
Moldova,,2018,2.15,0.0,12367.764
Moldova,,2019,2.15,0.028645138599999998,13030.183
Moldova,,2021,2.15,0.0,14009.226
Madagascar,MG,1980,2.15,48.698538983599995,
Madagascar,MG,1993,2.15,73.25070854180001,1597.7694
Madagascar,MG,1997,2.15,69.37030298869999,1515.4465
Madagascar,MG,1999,2.15,66.8674623446,1549.0308
Madagascar,MG,2001,2.15,70.9963964768,1614.3857
Madagascar,MG,2005,2.15,74.2213645753,1522.0697
Madagascar,MG,2010,2.15,80.1547294497,1511.9867
Madagascar,MG,2012,2.15,80.730057901,1497.0095
Maldives,MV,2002,2.15,6.6081804163,13156.992
Maldives,MV,2009,2.15,3.7728960166,15927.796
Maldives,MV,2016,2.15,0.0,18406.268
Maldives,MV,2019,2.15,0.0,20574.404
Mexico,MX,1984,2.15,8.3068125819,
Mexico,MX,1989,2.15,9.0535144941,
Mexico,MX,1992,2.15,7.3773659012,15931.482
Mexico,MX,1994,2.15,7.3104636689,16402.258
Mexico,MX,1996,2.15,18.0968776947,15825.094
Mexico,MX,1998,2.15,12.903285072500001,17184.943
Mexico,MX,2000,2.15,8.9235108711,17942.781
Mexico,MX,2002,2.15,6.5888728987,17324.354
Mexico,MX,2004,2.15,5.9505152933000005,17731.803
Mexico,MX,2005,2.15,6.5445246989,17883.535
Mexico,MX,2006,2.15,4.1524002930999995,18434.887
Mexico,MX,2008,2.15,5.3621805986,18586.47
Mexico,MX,2010,2.15,4.5183799594,18036.717
Mexico,MX,2012,2.15,3.8398933825,18838.783
Mexico,MX,2014,2.15,3.7135116306,19141.92
Mexico,MX,2016,2.15,3.2149105661000004,19830.963
Mexico,MX,2018,2.15,2.6293805874,20278.217
Mexico,MX,2020,2.15,3.1000052181,18327.99
Marshall Islands,MH,2019,2.15,0.8543443744,5647.067
North Macedonia,MK,1998,2.15,1.1362731917,9462.709
North Macedonia,MK,2000,2.15,5.2176625655,10226.541
North Macedonia,MK,2002,2.15,1.4565548491,10091.774
North Macedonia,MK,2003,2.15,1.2436886668,10282.4
North Macedonia,MK,2004,2.15,0.7659340679,10732.449
North Macedonia,MK,2005,2.15,1.4961199722,11215.671
North Macedonia,MK,2006,2.15,2.8410087705,11772.328
North Macedonia,MK,2008,2.15,0.6365959403,13177.212
North Macedonia,MK,2009,2.15,9.7676712566,13105.799
North Macedonia,MK,2010,2.15,10.4482268775,13517.428
North Macedonia,MK,2011,2.15,9.0870746135,13809.965
North Macedonia,MK,2012,2.15,6.912791773,13730.258
North Macedonia,MK,2013,2.15,5.2256984572,14111.445
North Macedonia,MK,2014,2.15,4.5167345376,14599.242
North Macedonia,MK,2015,2.15,5.5025375393000004,15141.992
North Macedonia,MK,2016,2.15,4.236635576299999,15556.255
North Macedonia,MK,2017,2.15,4.4940064617,15709.287
North Macedonia,MK,2018,2.15,3.3985563482999996,16148.459
North Macedonia,MK,2019,2.15,2.6633504382999997,16776.076
Mali,ML,1994,2.15,84.4957193227,1425.5117
Mali,ML,2001,2.15,57.1522403503,1774.6824
Mali,ML,2006,2.15,49.6761615651,1922.5261
Mali,ML,2009,2.15,48.1721413552,1980.0592
Mali,ML,2018,2.15,15.2188068547,2185.5757
Malta,MT,2006,2.15,0.511958558,29656.346
Malta,MT,2007,2.15,0.41032436170000003,30964.36
Malta,MT,2008,2.15,0.1090115119,31940.43
Malta,MT,2009,2.15,0.4304454163,31341.334
Malta,MT,2010,2.15,0.2192738711,32916.684
Malta,MT,2011,2.15,0.18570520040000002,32930.297
Malta,MT,2012,2.15,0.1177220698,33979.656
Malta,MT,2013,2.15,0.029666144899999997,35339.695
Malta,MT,2014,2.15,0.0,37285.24
Malta,MT,2015,2.15,0.08437796460000001,39903.938
Malta,MT,2016,2.15,0.092087107,40319.73
Malta,MT,2017,2.15,0.1598865083,43516.55
Malta,MT,2018,2.15,0.10338061290000002,44615.605
Malta,MT,2019,2.15,0.3046817792,45433.918
Malta,MT,2020,2.15,0.2556744991,40740.97
Myanmar,MM,2015,2.15,6.2170024136999995,3748.2942
Myanmar,MM,2017,2.15,1.9911567273,4312.9473
Montenegro,ME,2005,2.15,0.22841840310000003,14051.362
Montenegro,ME,2006,2.15,0.0,15236.111
Montenegro,ME,2007,2.15,0.3606450651,16251.253
Montenegro,ME,2008,2.15,0.0938959926,17394.143
Montenegro,ME,2009,2.15,0.0,16351.02
Montenegro,ME,2010,2.15,0.0,16767.357
Montenegro,ME,2011,2.15,0.2112417485,17290.512
Montenegro,ME,2012,2.15,1.2642962002,16805.408
Montenegro,ME,2013,2.15,1.0383036328,17384.854
Montenegro,ME,2014,2.15,0.0,17677.787
Montenegro,ME,2015,2.15,1.3457712965,18266.879
Montenegro,ME,2016,2.15,2.474331027,18801.268
Montenegro,ME,2017,2.15,3.3115063611999997,19685.809
Montenegro,ME,2018,2.15,2.8398329980000003,20690.285
Mongolia,MN,1995,2.15,14.911804199199999,4066.7532
Mongolia,MN,1998,2.15,28.449278513800003,4325.08
Mongolia,MN,2002,2.15,11.6121019705,4687.445
Mongolia,MN,2007,2.15,1.6951885964000002,6818.9937
Mongolia,MN,2010,2.15,1.1435707079000001,7518.831
Mongolia,MN,2011,2.15,0.8566814186000001,8685.78
Mongolia,MN,2012,2.15,0.47310933450000003,9586.715
Mongolia,MN,2014,2.15,0.3275522464,11107.989
Mongolia,MN,2016,2.15,0.7064973186,11058.95
Mongolia,MN,2018,2.15,0.7115855819,12052.294
Mozambique,MZ,1996,2.15,82.6842845665,502.40253
Mozambique,MZ,2002,2.15,80.5882300872,731.9895
Mozambique,MZ,2008,2.15,70.7958180482,977.19086
Mozambique,MZ,2014,2.15,64.6408592101,1228.6569
Mozambique,MZ,2019,2.15,74.3807658951,1285.1848
Mauritania,MR,1987,2.15,41.3742979409,
Mauritania,MR,1993,2.15,42.8481103516,4540.365
Mauritania,MR,1995,2.15,21.8320483094,4542.662
Mauritania,MR,2000,2.15,21.4879994936,4170.9014
Mauritania,MR,2004,2.15,18.1263876734,4296.5444
Mauritania,MR,2008,2.15,11.842612218900001,4914.834
Mauritania,MR,2014,2.15,6.4908373034,5020.1367
Mauritius,MU,2006,2.15,0.307611768,14599.26
Mauritius,MU,2012,2.15,0.4123899017,18566.03
Mauritius,MU,2017,2.15,0.1253137091,22148.625
Malawi,MW,1997,2.15,58.4547996013,1099.2833
Malawi,MW,2004,2.15,68.8645812986,1090.4081
Malawi,MW,2010,2.15,68.4215111738,1357.8717
Malawi,MW,2016,2.15,65.7357230819,1437.0417
Malawi,MW,2019,2.15,70.0605987387,1517.7031
Malaysia,MY,1984,2.15,3.5981494141,
Malaysia,MY,1987,2.15,2.8658740234,
Malaysia,MY,1989,2.15,2.2434399414,
Malaysia,MY,1992,2.15,2.0359619141,11963.268
Malaysia,MY,1995,2.15,2.4753271484,14508.46
Malaysia,MY,1997,2.15,0.7178662109,16231.799
Malaysia,MY,2003,2.15,1.5712516929000002,16723.926
Malaysia,MY,2006,2.15,0.7701382283,18535.055
Malaysia,MY,2008,2.15,0.6965738305,19792.268
Malaysia,MY,2011,2.15,0.1399256804,20900.322
Malaysia,MY,2013,2.15,0.0339769891,22350.908
Malaysia,MY,2015,2.15,0.019036654,24151.26
Malaysia,MY,2018,2.15,0.0110286496,26835.81
Namibia,,1993,2.15,53.5168321233,6439.251
Namibia,,2003,2.15,35.8615246023,7046.1475
Namibia,,2009,2.15,26.944029857300002,8726.682
Namibia,,2015,2.15,15.6170136674,10813.227
Niger,NE,1992,2.15,84.3648673034,1028.6552
Niger,NE,1994,2.15,85.516365608,986.2578
Niger,NE,2005,2.15,80.5012139402,944.8482
Niger,NE,2007,2.15,78.89103283509999,960.0925
Niger,NE,2011,2.15,60.5590547213,1010.32697
Niger,NE,2014,2.15,53.56470954619999,1119.1372
Niger,NE,2018,2.15,50.905936534999995,1193.2656
Nigeria,NG,1985,2.15,47.8218750779,
Nigeria,NG,1992,2.15,52.3538750882,3253.034
Nigeria,NG,1996,2.15,58.419514791500006,2941.5613
Nigeria,NG,2003,2.15,47.878924634499995,3585.9946
Nigeria,NG,2010,2.15,34.8853281055,4857.266
Nigeria,NG,2012,2.15,33.8289211486,5045.4717
Nigeria,NG,2015,2.15,32.256629699,5429.0996
Nigeria,NG,2018,2.15,30.8632983511,5089.778
Nicaragua,NI,1993,2.15,23.040741444800002,3178.364
Nicaragua,NI,1998,2.15,17.5583248447,3629.6926
Nicaragua,NI,2001,2.15,18.791191838499998,3989.1873
Nicaragua,NI,2005,2.15,17.257347824300002,4308.015
Nicaragua,NI,2009,2.15,8.2766441099,4457.9336
Nicaragua,NI,2014,2.15,3.9410286567,5385.4985
Netherlands,NL,1983,2.15,0.4582801732,
Netherlands,NL,1987,2.15,0.2494482533,
Netherlands,NL,1990,2.15,0.9527307897999999,36461.418
Netherlands,NL,1993,2.15,1.2487616867,37613.254
Netherlands,NL,1999,2.15,0.2028983038,45839.133
Netherlands,NL,2004,2.15,0.2358756577,48586.703
Netherlands,NL,2005,2.15,0.1483200411,49467.434
Netherlands,NL,2006,2.15,0.0457928556,51097.363
Netherlands,NL,2007,2.15,0.028631331000000003,52909.97
Netherlands,NL,2008,2.15,0.133608954,53848.254
Netherlands,NL,2009,2.15,0.11077010129999999,51607.605
Netherlands,NL,2010,2.15,0.0474389074,52032.99
Netherlands,NL,2011,2.15,0.09605309520000001,52594.23
Netherlands,NL,2012,2.15,0.0758421921,51860.055
Netherlands,NL,2013,2.15,0.08687879039999999,51640.08
Netherlands,NL,2014,2.15,0.0577129582,52186.996
Netherlands,NL,2015,2.15,0.0616626228,52974.117
Netherlands,NL,2016,2.15,0.0459171132,53847.83
Netherlands,NL,2017,2.15,0.18876622869999998,55088.633
Netherlands,NL,2018,2.15,0.1009163212,56060.914
Netherlands,NL,2019,2.15,0.09572870459999999,56784.04
Netherlands,NL,2020,2.15,0.02796322,54275.004
Norway,NO,1979,2.15,0.2275212226,
Norway,NO,1986,2.15,0.244875933,
Norway,NO,1991,2.15,0.4752488513,43229.918
Norway,NO,1995,2.15,0.49103453099999994,49260.97
Norway,NO,2000,2.15,0.2350818294,57127.383
Norway,NO,2003,2.15,0.20452435200000002,58728.156
Norway,NO,2004,2.15,0.2648448732,60699.566
Norway,NO,2005,2.15,0.2019627195,61870.363
Norway,NO,2006,2.15,0.1309963743,62846.938
Norway,NO,2007,2.15,0.1266828123,64062.438
Norway,NO,2008,2.15,0.22672549150000001,63570.34
Norway,NO,2009,2.15,0.0869477228,61689.56
Norway,NO,2010,2.15,0.150988138,61353.477
Norway,NO,2011,2.15,0.09757115270000001,61157.13
Norway,NO,2012,2.15,0.1173068117,61990.69
Norway,NO,2013,2.15,0.1304355829,61878.977
Norway,NO,2014,2.15,0.11292122880000001,62390.13
Norway,NO,2015,2.15,0.17004923230000002,62987.516
Norway,NO,2016,2.15,0.2806733074,63104.082
Norway,NO,2017,2.15,0.29165247489999996,64050.758
Norway,NO,2018,2.15,0.25446129829999997,64341.258
Norway,NO,2019,2.15,0.1565339637,64385.008
Nepal,NP,1984,2.15,68.4616153464,
Nepal,NP,1995,2.15,55.155145037800004,1760.445
Nepal,NP,2003,2.15,40.3067532993,2107.6409
Nepal,NP,2010,2.15,8.240499095299999,2682.6987
Nauru,NR,2012,2.15,1.6715107912999998,7851.3755
Pakistan,PK,1987,2.15,67.3362301593,
Pakistan,PK,1990,2.15,65.11080454969999,3061.5334
Pakistan,PK,1996,2.15,22.294070222000002,3384.61
Pakistan,PK,1998,2.15,29.7765990112,3307.51
Pakistan,PK,2001,2.15,33.2752347335,3382.2048
Pakistan,PK,2004,2.15,20.203358481600002,3679.9072
Pakistan,PK,2005,2.15,20.296938693999998,3836.0903
Pakistan,PK,2007,2.15,14.898682967,4081.9119
Pakistan,PK,2010,2.15,9.3818640625,4058.0085
Pakistan,PK,2011,2.15,9.5878845496,4082.4495
Pakistan,PK,2013,2.15,7.3626428706,4266.7114
Pakistan,PK,2015,2.15,5.1101882925,4552.6055
Pakistan,PK,2018,2.15,4.9324480598000005,5113.434
Panama,PA,1979,2.15,6.249431644,
Panama,PA,1989,2.15,22.4806656933,
Panama,PA,1991,2.15,20.1106526285,11590.415
Panama,PA,1995,2.15,15.4786777246,12749.824
Panama,PA,1997,2.15,14.2211820268,13568.225
Panama,PA,1998,2.15,14.458805342600002,14275.667
Panama,PA,1999,2.15,12.2750870857,14542.812
Panama,PA,2000,2.15,11.0715118866,14646.033
Panama,PA,2001,2.15,14.062807838700001,14444.814
Panama,PA,2002,2.15,9.5643532742,14483.085
Panama,PA,2003,2.15,9.9207466075,14804.625
Panama,PA,2004,2.15,8.7940218368,15615.4
Panama,PA,2005,2.15,8.5649778661,16421.607
Panama,PA,2006,2.15,9.3896377308,17510.35
Panama,PA,2007,2.15,6.6659412862,19248.56
Panama,PA,2008,2.15,4.0731489367,20760.492
Panama,PA,2009,2.15,2.5282087437,20640.215
Panama,PA,2010,2.15,3.3920667521000003,21455.684
Panama,PA,2011,2.15,2.4522368149,23461.873
Panama,PA,2012,2.15,3.4651456961999996,25302.08
Panama,PA,2013,2.15,2.2445592702,26576.863
Panama,PA,2014,2.15,2.8937746057,27440.566
Panama,PA,2015,2.15,1.513954853,28512.926
Panama,PA,2016,2.15,1.5169267308999999,29410.635
Panama,PA,2017,2.15,2.0971285751,30526.379
Panama,PA,2018,2.15,1.4056448899,31125.625
Panama,PA,2019,2.15,1.0040995363,31543.605
Panama,PA,2021,2.15,1.1082572996,29037.945
Peru,PE,1985,2.15,3.5189524979,
Peru,PE,1994,2.15,17.412181109800002,5804.9995
Peru,PE,1997,2.15,19.8386126535,6453.0215
Peru,PE,1998,2.15,19.4471014596,6315.0156
Peru,PE,1999,2.15,19.335910200100002,6303.456
Peru,PE,2000,2.15,19.2686264822,6375.616
Peru,PE,2001,2.15,20.254483201699998,6329.413
Peru,PE,2002,2.15,17.5450099701,6596.5503
Peru,PE,2003,2.15,14.6646330947,6799.4497
Peru,PE,2004,2.15,16.3118057404,7067.3555
Peru,PE,2005,2.15,17.811798458600002,7443.931
Peru,PE,2006,2.15,15.5971466064,7938.435
Peru,PE,2007,2.15,13.2152627027,8548.6045
Peru,PE,2008,2.15,10.917175385,9262.151
Peru,PE,2009,2.15,8.8115380251,9298.078
Peru,PE,2010,2.15,6.823768499500001,9996.9375
Peru,PE,2011,2.15,6.504024821399999,10539.982
Peru,PE,2012,2.15,6.0785469331,11084.874
Peru,PE,2013,2.15,5.3963338881,11620.645
Peru,PE,2014,2.15,4.8248131315,11773.944
Peru,PE,2015,2.15,4.7185484945,12015.1875
Peru,PE,2016,2.15,4.5961828415,12321.318
Peru,PE,2017,2.15,4.4970593,12442.746
Peru,PE,2018,2.15,3.5750044326,12696.236
Peru,PE,2019,2.15,2.9952691492,12735.168
Peru,PE,2020,2.15,5.8816489868,11176.919
Peru,PE,2021,2.15,2.871748751,12514.651
Philippines,PH,1985,2.15,28.7303703117,
Philippines,PH,1988,2.15,25.7608700548,
Philippines,PH,1991,2.15,27.1950148553,4115.017
Philippines,PH,1994,2.15,25.5803357987,4106.6846
Philippines,PH,1997,2.15,18.1616422503,4450.8545
Philippines,PH,2000,2.15,15.031991183599999,4455.6724
Philippines,PH,2003,2.15,13.634614155700001,4703.6665
Philippines,PH,2006,2.15,15.2985333936,5227.533
Philippines,PH,2009,2.15,11.1262171862,5574.4526
Philippines,PH,2012,2.15,12.4855437889,6298.16
Philippines,PH,2015,2.15,8.2909042938,7235.0815
Philippines,PH,2018,2.15,5.0570568081000005,8365.732
Philippines,PH,2021,2.15,6.7541309528,8094.693
Papua New Guinea,PG,1996,2.15,52.64489857819999,3819.6797
Papua New Guinea,PG,2009,2.15,39.683311918,3072.6287
Poland,PL,1985,2.15,0.19917114260000002,
Poland,PL,1986,2.15,0.24560686280000002,
Poland,PL,1987,2.15,0.1503527832,
Poland,PL,1989,2.15,0.089329834,
Poland,PL,1992,2.15,0.2236115661,10662.08
Poland,PL,1993,2.15,0.1747619629,11032.554
Poland,PL,1995,2.15,1.7447742985999999,12398.524
Poland,PL,1996,2.15,3.0001245116999997,13146.756
Poland,PL,1998,2.15,0.031674006399999996,14629.198
Poland,PL,1999,2.15,0.072089823,15311.443
Poland,PL,2000,2.15,0.13940533900000002,16177.867
Poland,PL,2001,2.15,0.08741436030000001,16385.998
Poland,PL,2002,2.15,0.0847581521,16727.34
Poland,PL,2003,2.15,0.07538548540000001,17324.217
Poland,PL,2004,2.15,0.1052965691,18198.1
Poland,PL,2005,2.15,0.1846762219,18844.557
Poland,PL,2006,2.15,0.039085575,20012.621
Poland,PL,2007,2.15,0.0314265045,21437.457
Poland,PL,2008,2.15,0.0126308319,22334.781
Poland,PL,2009,2.15,0.0153642279,22951.785
Poland,PL,2010,2.15,0.007466900500000001,23692.91
Poland,PL,2011,2.15,0.0289709243,24874.172
Poland,PL,2012,2.15,0.021968882000000002,25258.594
Poland,PL,2013,2.15,0.0090547699,25490.328
Poland,PL,2014,2.15,0.0103036506,26488.201
Poland,PL,2015,2.15,0.0,27667.69
Poland,PL,2016,2.15,0.0045403676,28497.104
Poland,PL,2017,2.15,0.0018125185,29958.121
Poland,PL,2018,2.15,0.0064735402,31739.258
Poland,PL,2019,2.15,0.0,33159.75
Portugal,PT,2003,2.15,0.8958963682000001,30422.602
Portugal,PT,2004,2.15,0.5366483596,30892.82
Portugal,PT,2005,2.15,0.5435212139,31076.645
Portugal,PT,2006,2.15,0.09266589559999999,31524.75
Portugal,PT,2007,2.15,0.2577135426,32251.568
Portugal,PT,2008,2.15,0.1372523937,32307.912
Portugal,PT,2009,2.15,0.16589661490000002,31269.41
Portugal,PT,2010,2.15,0.1364598309,31798.154
Portugal,PT,2011,2.15,0.5080361044,31304.816
Portugal,PT,2012,2.15,0.7032106384,30156.701
Portugal,PT,2013,2.15,0.8551859159999999,30042.89
Portugal,PT,2014,2.15,0.5456737785,30444.6
Portugal,PT,2015,2.15,0.48239423379999996,31118.791
Portugal,PT,2016,2.15,0.3746370145,31847.537
Portugal,PT,2017,2.15,0.4104959995,33044.715
Portugal,PT,2018,2.15,0.2902538978,34040.727
Portugal,PT,2019,2.15,0.1487206171,34945.66
Portugal,PT,2020,2.15,0.4722897288,32011.324
Paraguay,PY,1990,2.15,1.1892296185,8818.629
Paraguay,PY,1995,2.15,12.403019229,9661.069
Paraguay,PY,1997,2.15,10.553168711200001,9774.315
Paraguay,PY,1999,2.15,10.206738484699999,9248.594
Paraguay,PY,2001,2.15,8.9409797011,8640.303
Paraguay,PY,2002,2.15,13.2358344328,8515.946
Paraguay,PY,2003,2.15,8.3024677853,8773.139
Paraguay,PY,2004,2.15,5.7077719227,9022.798
Paraguay,PY,2005,2.15,6.0722800596,9113.412
Paraguay,PY,2006,2.15,7.9477437449,9451.761
Paraguay,PY,2007,2.15,7.842305397700001,9865.326
Paraguay,PY,2008,2.15,4.3219878158,10403.841
Paraguay,PY,2009,2.15,5.7674918843,10272.177
Paraguay,PY,2010,2.15,5.4597413439,11281.256
Paraguay,PY,2011,2.15,5.048014341,11613.169
Paraguay,PY,2012,2.15,3.3313099794000003,11376.407
Paraguay,PY,2013,2.15,1.7875660384,12150.972
Paraguay,PY,2014,2.15,2.4138879883,12616.414
Paraguay,PY,2015,2.15,1.8913446224,12806.097
Paraguay,PY,2016,2.15,1.6942916866999997,13163.74
Paraguay,PY,2017,2.15,0.9814393633999999,13604.175
Paraguay,PY,2018,2.15,1.4066866248,13848.499
Paraguay,PY,2019,2.15,1.0115106929,13609.723
Paraguay,PY,2020,2.15,0.8132835708,13317.321
Paraguay,PY,2021,2.15,0.6891791207,13687.655
Paraguay,PY,2022,2.15,1.3295584113999999,
West Bank and Gaza,,2004,2.15,0.5896261916,
West Bank and Gaza,,2005,2.15,0.2025664461,
West Bank and Gaza,,2006,2.15,0.31365530999999996,
West Bank and Gaza,,2007,2.15,1.3573977152,
West Bank and Gaza,,2009,2.15,0.265138598,
West Bank and Gaza,,2010,2.15,0.04360255,
West Bank and Gaza,,2011,2.15,0.189039682,
West Bank and Gaza,,2016,2.15,0.502717341,
Romania,RO,1989,2.15,0.2846032715,
Romania,RO,1992,2.15,0.553104248,10818.865
Romania,RO,1994,2.15,8.907145996099999,11448.344
Romania,RO,1995,2.15,1.7485843106,12186.608
Romania,RO,1997,2.15,2.2489160824,12118.4
Romania,RO,1998,2.15,1.6604899969000002,11897.019
Romania,RO,1999,2.15,5.3288738556999995,11870.827
Romania,RO,2000,2.15,6.2173802497,12178.754
Romania,RO,2001,2.15,4.4416178467,12994.325
Romania,RO,2002,2.15,4.5870947271,13989.154
Romania,RO,2003,2.15,3.1756172041,14420.295
Romania,RO,2004,2.15,2.2387341933,16015.051
Romania,RO,2005,2.15,1.7717738297,16866.492
Romania,RO,2006,2.15,1.9326319229000002,18328.932
Romania,RO,2007,2.15,0.8610132149999999,19947.31
Romania,RO,2008,2.15,0.0,22170.281
Romania,RO,2009,2.15,0.0,21122.297
Romania,RO,2010,2.15,0.0,20419.188
Romania,RO,2011,2.15,0.0,21446.771
Romania,RO,2012,2.15,0.0,21957.15
Romania,RO,2013,2.15,0.0,22098.33
Romania,RO,2014,2.15,7.022674299999999,23095.28
Romania,RO,2015,2.15,5.2661190689,23937.46
Romania,RO,2016,2.15,0.0,24763.135
Romania,RO,2017,2.15,3.2661332432,26948.158
Romania,RO,2018,2.15,0.0,28741.227
Romania,RO,2019,2.15,2.1640766165,30006.336
Romania,RO,2020,2.15,1.4093622224,29062.473
Russian Federation,RU,1993,2.15,3.5288972564,
Russian Federation,RU,1996,2.15,4.6565040488,
Russian Federation,RU,1997,2.15,1.5220834718,
Russian Federation,RU,1998,2.15,2.2844472815,
Russian Federation,RU,1999,2.15,4.3856366141,
Russian Federation,RU,2000,2.15,2.9754066533000003,
Russian Federation,RU,2001,2.15,1.7576264981,
Russian Federation,RU,2002,2.15,1.0113967679,
Russian Federation,RU,2003,2.15,1.0929874284,
Russian Federation,RU,2004,2.15,1.0032748786999999,
Russian Federation,RU,2005,2.15,0.7747562221,
Russian Federation,RU,2006,2.15,0.4409682042,
Russian Federation,RU,2007,2.15,0.20139944369999999,
Russian Federation,RU,2008,2.15,0.0921251507,
Russian Federation,RU,2009,2.15,0.0661814964,
Russian Federation,RU,2010,2.15,0.0833294485,
Russian Federation,RU,2011,2.15,0.0382649061,
Russian Federation,RU,2012,2.15,0.0322114021,
Russian Federation,RU,2013,2.15,0.0081639933,
Russian Federation,RU,2014,2.15,0.0213157582,
Russian Federation,RU,2015,2.15,0.0363401898,
Russian Federation,RU,2016,2.15,0.0271932988,
Russian Federation,RU,2017,2.15,0.0334316932,
Russian Federation,RU,2018,2.15,0.0291922085,
Russian Federation,RU,2019,2.15,0.030001637299999998,
Russian Federation,RU,2020,2.15,0.010164272299999999,
Rwanda,RW,1984,2.15,58.5911466717,
Rwanda,RW,2000,2.15,75.2136047935,848.75433
Rwanda,RW,2005,2.15,66.05174515210001,1124.7709
Rwanda,RW,2010,2.15,59.205156374199994,1467.7363
Rwanda,RW,2013,2.15,53.7471879536,1674.0609
Rwanda,RW,2016,2.15,52.0053934004,1907.6816
Sudan,SD,2009,2.15,18.5761689154,4707.346
Sudan,SD,2014,2.15,15.263059941500002,4776.62
Senegal,SN,1991,2.15,70.0988735791,2463.9236
Senegal,SN,1994,2.15,60.251855468799995,2330.0718
Senegal,SN,2001,2.15,52.4407087564,2668.7659
Senegal,SN,2005,2.15,41.0617539829,2787.5269
Senegal,SN,2011,2.15,40.984365421199996,2790.8975
Senegal,SN,2018,2.15,9.2225657019,3368.8586
Solomon Islands,SB,2005,2.15,50.6165018147,2087.201
Solomon Islands,SB,2012,2.15,26.5648855951,2526.1467
Sierra Leone,SL,1989,2.15,67.11083496090001,
Sierra Leone,SL,2003,2.15,61.331978996299995,1172.8911
Sierra Leone,SL,2011,2.15,38.6981292807,1450.4935
Sierra Leone,SL,2018,2.15,26.0620341212,1610.1619
El Salvador,SV,1989,2.15,18.9027050781,
El Salvador,SV,1991,2.15,22.060561822,5178.946
El Salvador,SV,1995,2.15,13.2593008517,6109.746
El Salvador,SV,1996,2.15,15.2622664636,6107.3213
El Salvador,SV,1998,2.15,21.031043582600002,6369.409
El Salvador,SV,1999,2.15,17.2511738039,6464.5317
El Salvador,SV,2000,2.15,12.9429344858,6499.4507
El Salvador,SV,2001,2.15,14.1046410244,6524.1963
El Salvador,SV,2002,2.15,14.7288670229,6601.263
El Salvador,SV,2003,2.15,15.813786773999999,6687.2734
El Salvador,SV,2004,2.15,11.4883629963,6736.9067
El Salvador,SV,2005,2.15,11.2784552834,6916.694
El Salvador,SV,2006,2.15,7.6506427103,7221.4995
El Salvador,SV,2007,2.15,5.0684903324,7343.9106
El Salvador,SV,2008,2.15,7.717507921499999,7470.7515
El Salvador,SV,2009,2.15,7.4199602065,7287.176
El Salvador,SV,2010,2.15,6.345634563499999,7412.978
El Salvador,SV,2011,2.15,5.3409294764999995,7665.948
El Salvador,SV,2012,2.15,4.6371475886999995,7851.7017
El Salvador,SV,2013,2.15,3.6247289287,7995.633
El Salvador,SV,2014,2.15,3.4414844447,8100.975
El Salvador,SV,2015,2.15,2.3088478771,8266.723
El Salvador,SV,2016,2.15,2.6329819478000003,8450.251
El Salvador,SV,2017,2.15,2.1554992142000002,8617.922
El Salvador,SV,2018,2.15,1.8427663304,8812.201
El Salvador,SV,2019,2.15,1.4019151778,9021.426
El Salvador,SV,2021,2.15,3.5861859992999996,9086.047
El Salvador,SV,2022,2.15,3.3633981754,
Serbia,RS,2002,2.15,0.1279984846,10148.3955
Serbia,RS,2003,2.15,0.3804614564,10616.243
Serbia,RS,2004,2.15,0.7966684777999999,11601.737
Serbia,RS,2005,2.15,0.7877403098,12280.192
Serbia,RS,2006,2.15,0.47052858020000005,12958.291
Serbia,RS,2007,2.15,0.36930902639999996,13848.781
Serbia,RS,2008,2.15,0.1119860227,14694.432
Serbia,RS,2009,2.15,0.144501787,14350.445
Serbia,RS,2010,2.15,0.0977794028,14513.582
Serbia,RS,2012,2.15,5.3401909662,14896.884
Serbia,RS,2013,2.15,0.2254790051,15402.562
Serbia,RS,2014,2.15,6.9231503718,15229.067
Serbia,RS,2015,2.15,0.0717190551,15581.014
Serbia,RS,2016,2.15,6.3563869004999995,16185.742
Serbia,RS,2017,2.15,5.3948419645,16614.014
Serbia,RS,2018,2.15,0.0370430295,17455.945
Serbia,RS,2019,2.15,0.0452318337,18310.08
Serbia,RS,2020,2.15,1.5570310022,18265.967
South Sudan,SS,2009,2.15,34.5416480726,
South Sudan,SS,2016,2.15,67.32726541039999,
Sao Tome and Principe,ST,2000,2.15,20.4464524773,
Sao Tome and Principe,ST,2010,2.15,22.615789726,3324.9163
Sao Tome and Principe,ST,2017,2.15,15.551899477600001,3934.8943
Suriname,SR,1999,2.15,18.417945690699998,12812.773
Slovak Republic,,1992,2.15,0.0,
Slovak Republic,,1996,2.15,1.4934818169000001,
Slovak Republic,,2004,2.15,0.0750205474,
Slovak Republic,,2005,2.15,0.0928478112,
Slovak Republic,,2006,2.15,0.0,
Slovak Republic,,2007,2.15,0.0,
Slovak Republic,,2008,2.15,0.0,
Slovak Republic,,2009,2.15,0.0,
Slovak Republic,,2010,2.15,0.4951078887,
Slovak Republic,,2011,2.15,0.4238607684,
Slovak Republic,,2012,2.15,0.4009289665,
Slovak Republic,,2013,2.15,0.2814992776,
Slovak Republic,,2014,2.15,0.6754491821999999,
Slovak Republic,,2015,2.15,0.661759802,
Slovak Republic,,2016,2.15,1.3807007224,
Slovak Republic,,2017,2.15,0.2253684712,
Slovak Republic,,2018,2.15,0.1694570729,
Slovak Republic,,2019,2.15,0.1181162619,
Slovenia,SI,1987,2.15,0.0161022949,
Slovenia,SI,1993,2.15,0.0405114746,
Slovenia,SI,1997,2.15,0.0,23333.719
Slovenia,SI,1998,2.15,0.0283068848,24151.54
Slovenia,SI,1999,2.15,0.0,25421.295
Slovenia,SI,2002,2.15,0.0,27994.062
Slovenia,SI,2003,2.15,0.0,28805.385
Slovenia,SI,2004,2.15,0.025957222699999997,30041.814
Slovenia,SI,2005,2.15,0.10145093479999999,31128.83
Slovenia,SI,2006,2.15,0.05046054119999999,32812.74
Slovenia,SI,2007,2.15,0.0323488689,34907.367
Slovenia,SI,2008,2.15,0.0,36075.47
Slovenia,SI,2009,2.15,0.0,33052.227
Slovenia,SI,2010,2.15,0.0091577446,33350.613
Slovenia,SI,2011,2.15,0.0,33568.066
Slovenia,SI,2012,2.15,0.026254446600000002,32613.49
Slovenia,SI,2013,2.15,0.021756855000000002,32234.025
Slovenia,SI,2014,2.15,0.0,33093.75
Slovenia,SI,2015,2.15,0.0048529581,33799.727
Slovenia,SI,2016,2.15,0.0,34853.043
Slovenia,SI,2017,2.15,0.0,36507.555
Slovenia,SI,2018,2.15,0.0,37995.715
Slovenia,SI,2019,2.15,0.0,39034.234
Slovenia,SI,2020,2.15,0.0,37098.12
Sweden,SE,1975,2.15,0.4989867083,
Sweden,SE,1981,2.15,0.24968058010000002,
Sweden,SE,1987,2.15,0.24625529799999998,
Sweden,SE,1992,2.15,0.2435131992,32953.617
Sweden,SE,1995,2.15,0.2472491256,34233.703
Sweden,SE,2000,2.15,0.0,40625.363
Sweden,SE,2002,2.15,0.0,41870.258
Sweden,SE,2003,2.15,0.3237096254,42678.285
Sweden,SE,2004,2.15,0.3971720309,44354.39
Sweden,SE,2005,2.15,1.0845831375,45440.297
Sweden,SE,2006,2.15,0.3643826275,47292.312
Sweden,SE,2007,2.15,0.4108391675,48557.383
Sweden,SE,2008,2.15,0.5764024704999999,47963.492
Sweden,SE,2009,2.15,0.45801590449999996,45492.77
Sweden,SE,2010,2.15,0.5474091966,47791.37
Sweden,SE,2011,2.15,0.6156512956,48947.438
Sweden,SE,2012,2.15,0.45700212889999997,48300.844
Sweden,SE,2013,2.15,0.6508714427,48462.16
Sweden,SE,2014,2.15,0.47433354079999995,49258.996
Sweden,SE,2015,2.15,0.5691550979,50928.965
Sweden,SE,2016,2.15,0.2614526538,51334.434
Sweden,SE,2017,2.15,0.24834995640000002,51947.953
Sweden,SE,2018,2.15,0.7255068331,52349.293
Sweden,SE,2019,2.15,0.3165186117,52850.57
Sweden,SE,2020,2.15,0.38908953030000004,51331.28
Eswatini,SZ,1994,2.15,85.4482312012,4875.368
Eswatini,SZ,2000,2.15,56.1333828055,5443.4395
Eswatini,SZ,2009,2.15,49.3256040941,6989.378
Eswatini,SZ,2016,2.15,36.0798469645,8113.2397
Seychelles,SC,1999,2.15,0.7582650895,19203.08
Seychelles,SC,2006,2.15,0.37248195609999996,19983.76
Seychelles,SC,2013,2.15,1.2360591944000001,24647.078
Seychelles,SC,2018,2.15,0.5110040076,28740.55
Syrian Arab Republic,SY,1996,2.15,2.4686653337999998,
Syrian Arab Republic,SY,2003,2.15,1.0981211338,
Chad,TD,2003,2.15,57.790244569799995,1133.0654
Chad,TD,2011,2.15,36.6167267468,1682.6577
Chad,TD,2018,2.15,30.8829425857,1563.544
Togo,TG,2006,2.15,60.969155398599995,1543.1755
Togo,TG,2011,2.15,58.887207593,1645.7479
Togo,TG,2015,2.15,54.6921615153,1881.9052
Togo,TG,2018,2.15,28.434796594900003,2020.9656
Thailand,TH,1981,2.15,22.728250660300002,
Thailand,TH,1988,2.15,18.0483837891,
Thailand,TH,1990,2.15,12.3450107793,7273.059
Thailand,TH,1992,2.15,8.9950076357,8277.354
Thailand,TH,1994,2.15,4.5039864733999995,9401.065
Thailand,TH,1996,2.15,3.0861951907000003,10453.39
Thailand,TH,1998,2.15,2.1752708889,9156.215
Thailand,TH,1999,2.15,3.9505311717000002,9467.921
Thailand,TH,2000,2.15,3.9674914099,9791.8955
Thailand,TH,2002,2.15,1.7592948811,10558.468
Thailand,TH,2004,2.15,1.1857114284999999,11828.839
Thailand,TH,2006,2.15,0.9298751235,12739.737
Thailand,TH,2007,2.15,0.5416959544000001,13330.209
Thailand,TH,2008,2.15,0.3044686571,13459.246
Thailand,TH,2009,2.15,0.2472266013,13270.617
Thailand,TH,2010,2.15,0.2652382179,14172.218
Thailand,TH,2011,2.15,0.0715615313,14199.279
Thailand,TH,2012,2.15,0.1153205164,15129.901
Thailand,TH,2013,2.15,0.0608218954,15442.38
Thailand,TH,2014,2.15,0.0902582538,15509.181
Thailand,TH,2015,2.15,0.046537519,15919.37
Thailand,TH,2016,2.15,0.036147501799999995,16393.314
Thailand,TH,2017,2.15,0.0370882835,17008.04
Thailand,TH,2018,2.15,0.032133955,17669.045
Thailand,TH,2019,2.15,0.0950376019,18003.672
Thailand,TH,2020,2.15,0.046665338,16848.584
Thailand,TH,2021,2.15,0.013961021799999999,17077.043
Tajikistan,TJ,1999,2.15,61.96240387350001,1228.1702
Tajikistan,TJ,2003,2.15,36.749759091200005,1663.2363
Tajikistan,TJ,2004,2.15,21.3581609363,1799.831
Tajikistan,TJ,2007,2.15,12.797471935599999,2095.8145
Tajikistan,TJ,2009,2.15,6.7921155521,2261.4268
Tajikistan,TJ,2015,2.15,6.114529140999999,2959.9941
Turkmenistan,TM,1998,2.15,43.115105540900004,3833.5413
Timor-Leste,TL,2001,2.15,40.9124910254,
Timor-Leste,TL,2007,2.15,40.8780765541,
Timor-Leste,TL,2014,2.15,24.4430771691,
Tonga,TO,2000,2.15,3.0948093886,4806.1133
Tonga,TO,2009,2.15,1.2616101766999999,4973.827
Tonga,TO,2015,2.15,1.7910178443,5644.535
Trinidad and Tobago,TT,1988,2.15,0.0,
Trinidad and Tobago,TT,1992,2.15,2.0847802734,10923.511
Tunisia,TN,1985,2.15,12.2878173828,
Tunisia,TN,1990,2.15,8.5532128906,5659.907
Tunisia,TN,1995,2.15,9.4807617188,6213.1714
Tunisia,TN,2000,2.15,4.3792431641,7673.194
Tunisia,TN,2005,2.15,2.5680616777,8846.49
Tunisia,TN,2010,2.15,1.4960225431,10477.304
Tunisia,TN,2015,2.15,0.1400615474,10749.49
Turkiye,,1987,2.15,2.1580078124999997,
Turkiye,,1994,2.15,2.9513061523,
Turkiye,,2002,2.15,2.1044151327000002,
Turkiye,,2003,2.15,3.8555895881,
Turkiye,,2004,2.15,2.0136497809,
Turkiye,,2005,2.15,2.3406664505,
Turkiye,,2006,2.15,1.770227048,
Turkiye,,2007,2.15,1.3053388576,
Turkiye,,2008,2.15,0.5649478248,
Turkiye,,2009,2.15,0.7203899924,
Turkiye,,2010,2.15,0.7737691509,
Turkiye,,2011,2.15,0.1295274132,
Turkiye,,2012,2.15,0.093060849,
Turkiye,,2013,2.15,0.2981053422,
Turkiye,,2014,2.15,0.2046825789,
Turkiye,,2015,2.15,0.2123728563,
Turkiye,,2016,2.15,0.20271698389999998,
Turkiye,,2017,2.15,0.1386472517,
Turkiye,,2018,2.15,0.040396954,
Turkiye,,2019,2.15,0.3606097893,
Tuvalu,TV,2010,2.15,3.6253518625,3334.6072
"Taiwan, China",,1981,2.15,0.0,
"Taiwan, China",,1986,2.15,0.0,
"Taiwan, China",,1991,2.15,0.0,
"Taiwan, China",,1995,2.15,0.4988106736,
"Taiwan, China",,1997,2.15,0.0,
"Taiwan, China",,2000,2.15,0.0,
"Taiwan, China",,2005,2.15,0.0,
"Taiwan, China",,2007,2.15,0.0,
"Taiwan, China",,2010,2.15,0.2410054103,
"Taiwan, China",,2013,2.15,0.0,
"Taiwan, China",,2016,2.15,0.0,
Tanzania,,1991,2.15,69.288864147,1332.0024
Tanzania,,2000,2.15,84.0353302182,1370.0079
Tanzania,,2007,2.15,56.240711267,1803.1079
Tanzania,,2011,2.15,44.655463141,2064.7107
Tanzania,,2018,2.15,44.949322843400005,2510.9663
Uganda,UG,1989,2.15,59.403319970400005,
Uganda,UG,1992,2.15,65.8587358431,920.65155
Uganda,UG,1996,2.15,64.9344276819,1142.136
Uganda,UG,1999,2.15,68.6717315854,1242.0519
Uganda,UG,2002,2.15,66.70400601499999,1335.1953
Uganda,UG,2005,2.15,58.031532286499996,1475.8116
Uganda,UG,2009,2.15,46.715183460999995,1830.8717
Uganda,UG,2012,2.15,37.5440442557,2013.5464
Uganda,UG,2016,2.15,42.7308937295,2137.2073
Uganda,UG,2019,2.15,42.2077286299,2250.015
Ukraine,UA,1992,2.15,3.9067446277999998,13447.164
Ukraine,UA,1993,2.15,1.9460162103999998,11531.299
Ukraine,UA,1995,2.15,7.100866699199999,7906.957
Ukraine,UA,1996,2.15,7.208012877800001,7179.6777
Ukraine,UA,1999,2.15,11.72640625,7008.2437
Ukraine,UA,2002,2.15,2.662997034,8765.683
Ukraine,UA,2003,2.15,1.1385159570999999,9678.087
Ukraine,UA,2004,2.15,0.9296715565,10902.038
Ukraine,UA,2005,2.15,0.3968114998,11319.511
Ukraine,UA,2006,2.15,0.1604521381,12259.158
Ukraine,UA,2007,2.15,0.10203077990000001,13345.771
Ukraine,UA,2008,2.15,0.0268210883,13719.271
Ukraine,UA,2009,2.15,0.0693182673,11694.448
Ukraine,UA,2010,2.15,0.0125367973,12221.44
Ukraine,UA,2011,2.15,0.0113485823,12933.356
Ukraine,UA,2012,2.15,0.1138470421,12985.087
Ukraine,UA,2013,2.15,0.0044146459,13020.601
Ukraine,UA,2014,2.15,0.0122762746,12385.813
Ukraine,UA,2015,2.15,0.12321676479999999,11216.118
Ukraine,UA,2016,2.15,0.09834749690000001,11536.316
Ukraine,UA,2017,2.15,0.032223950800000005,11860.561
Ukraine,UA,2018,2.15,0.0099352239,12336.927
Ukraine,UA,2019,2.15,0.0,12804.955
Ukraine,UA,2020,2.15,0.0288256089,12407.79
Uruguay,UY,1981,2.15,0.0,
Uruguay,UY,1989,2.15,0.6781314767,
Uruguay,UY,1992,2.15,0.5608615406999999,12193.459
Uruguay,UY,1995,2.15,0.5344624141,13009.452
Uruguay,UY,1996,2.15,0.5904261709999999,13657.074
Uruguay,UY,1997,2.15,0.5678493995,14740.217
Uruguay,UY,1998,2.15,0.6430772162,15323.138
Uruguay,UY,2000,2.15,0.6551213448000001,14603.773
Uruguay,UY,2001,2.15,0.497428991,14005.312
Uruguay,UY,2002,2.15,0.6346368342,12900.916
Uruguay,UY,2003,2.15,0.811206848,12990.029
Uruguay,UY,2004,2.15,1.0326413064,13625.257
Uruguay,UY,2005,2.15,0.8616672713,14624.667
Uruguay,UY,2006,2.15,0.5640882636,15202.913
Uruguay,UY,2007,2.15,0.3809727801,16166.421
Uruguay,UY,2008,2.15,0.22757797719999998,17287.725
Uruguay,UY,2009,2.15,0.2822002421,17978.055
Uruguay,UY,2010,2.15,0.1691162385,19331.85
Uruguay,UY,2011,2.15,0.13941856460000002,20275.441
Uruguay,UY,2012,2.15,0.1693852961,20933.69
Uruguay,UY,2013,2.15,0.174248012,21839.408
Uruguay,UY,2014,2.15,0.1534617785,22477.06
Uruguay,UY,2015,2.15,0.1497659456,22486.428
Uruguay,UY,2016,2.15,0.0922716657,22793.07
Uruguay,UY,2017,2.15,0.06634590409999999,23106.998
Uruguay,UY,2018,2.15,0.0558499547,23184.625
Uruguay,UY,2019,2.15,0.10207200479999999,23256.598
Uruguay,UY,2020,2.15,0.2067952682,21828.64
Uruguay,UY,2021,2.15,0.11215499920000001,22800.69
United States,,1963,2.15,1.2488154140999999,
United States,,1964,2.15,1.2425098741,
United States,,1965,2.15,0.9995963232999999,
United States,,1966,2.15,0.9982232466,
United States,,1967,2.15,0.9984770156,
United States,,1968,2.15,0.7472127437,
United States,,1969,2.15,0.49916010450000003,
United States,,1970,2.15,0.9929570406,
United States,,1971,2.15,0.7471569903,
United States,,1972,2.15,0.7486614632,
United States,,1973,2.15,0.7495643280000001,
United States,,1974,2.15,0.7471598105,
United States,,1975,2.15,0.49715437339999996,
United States,,1976,2.15,0.4986818213,
United States,,1977,2.15,0.49949897099999996,
United States,,1978,2.15,0.4999420175,
United States,,1979,2.15,0.4998207458,
United States,,1980,2.15,0.4995189119,
United States,,1981,2.15,0.49927453140000005,
United States,,1982,2.15,0.7477311402,
United States,,1983,2.15,0.4997946001,
United States,,1984,2.15,0.4955393997,
United States,,1985,2.15,0.49709201499999994,
United States,,1986,2.15,0.4961908706,
United States,,1987,2.15,0.499271471,
United States,,1988,2.15,0.49920389649999997,
United States,,1989,2.15,0.499201257,
United States,,1990,2.15,0.49714324400000004,40456.242
United States,,1991,2.15,0.49938721040000006,39876.016
United States,,1992,2.15,0.4978993377,40712.062
United States,,1993,2.15,0.49965855470000003,41284.355
United States,,1994,2.15,0.4997927894,42424.168
United States,,1995,2.15,0.4999813703,43047.26
United States,,1996,2.15,0.7485454101,44154.547
United States,,1997,2.15,0.7490616451,45566.26
United States,,1998,2.15,0.7488340605,47056.51
United States,,1999,2.15,0.7480562125000001,48749.598
United States,,2000,2.15,0.7495953663,50175.74
United States,,2001,2.15,0.749306928,50155.707
United States,,2002,2.15,0.7489158614,50535.273
United States,,2003,2.15,0.9974197329,51503.773
United States,,2004,2.15,0.9998820511,52995.242
United States,,2005,2.15,0.9997318108,54338.027
United States,,2006,2.15,0.9989091468,55314.203
United States,,2007,2.15,0.9998904435999999,55892.2
United States,,2008,2.15,0.9997492412,55433.676
United States,,2009,2.15,0.9993860188,53521.207
United States,,2010,2.15,0.9997267973999999,54516.855
United States,,2011,2.15,0.9989761697999999,54960.906
United States,,2012,2.15,0.9984796841,55803.51
United States,,2013,2.15,0.9954639154,56438.945
United States,,2014,2.15,1.248946822,57308.32
United States,,2015,2.15,1.2491881047,58427.55
United States,,2016,2.15,0.9993910607000001,58972.902
United States,,2017,2.15,1.2499228773,59914.777
United States,,2018,2.15,0.9997918753,61355.65
United States,,2019,2.15,0.9991705216,62478.254
United States,,2020,2.15,0.24997408589999998,60167.855
United States,,2021,2.15,0.2487189622,63669.71
Uzbekistan,UZ,1998,2.15,58.80823716220001,2808.461
Uzbekistan,UZ,2000,2.15,81.34298293110001,2967.6018
Uzbekistan,UZ,2002,2.15,80.4696944918,3134.9612
Uzbekistan,UZ,2003,2.15,81.5035268847,3229.848
"Venezuela, RB",,1981,2.15,6.6803729301,
"Venezuela, RB",,1987,2.15,7.030515904,
"Venezuela, RB",,1989,2.15,5.318249059599999,
"Venezuela, RB",,1992,2.15,4.5260431895,
"Venezuela, RB",,1995,2.15,9.9280849721,
"Venezuela, RB",,1998,2.15,10.431870378700001,
"Venezuela, RB",,1999,2.15,11.8331234441,
"Venezuela, RB",,2001,2.15,10.2914914699,
"Venezuela, RB",,2002,2.15,16.3813530095,
"Venezuela, RB",,2003,2.15,19.6525344212,
"Venezuela, RB",,2004,2.15,16.6090116866,
"Venezuela, RB",,2005,2.15,14.3557098912,
"Venezuela, RB",,2006,2.15,7.1300366243,
Vietnam,,1992,2.15,45.069004572299995,2317.2666
Vietnam,,1997,2.15,24.389481597099998,3239.6816
Vietnam,,2002,2.15,29.9392540834,4082.3735
Vietnam,,2004,2.15,20.1420117624,4597.7573
Vietnam,,2006,2.15,14.9016684519,5186.432
Vietnam,,2008,2.15,11.139826873,5757.924
Vietnam,,2010,2.15,2.8704822089,6324.526
Vietnam,,2012,2.15,1.6601623259000002,6950.2876
Vietnam,,2014,2.15,1.9120458101,7641.909
Vietnam,,2016,2.15,1.2634452458,8545.702
Vietnam,,2018,2.15,1.2314411596000001,9636.013
Vietnam,,2020,2.15,0.654621488,10450.622
Vanuatu,VU,2010,2.15,14.650419956499999,2972.3171
Vanuatu,VU,2019,2.15,9.9633329417,3070.3508
Samoa,WS,2002,2.15,2.1781778436000003,4669.6074
Samoa,WS,2008,2.15,1.0525259675,5585.6787
Samoa,WS,2013,2.15,1.1504770214,5659.8516
Kosovo,,2003,2.15,2.3978595191,
Kosovo,,2005,2.15,4.2092919201,
Kosovo,,2006,2.15,4.0759418666,
Kosovo,,2009,2.15,3.4097537232999997,7327.439
Kosovo,,2010,2.15,2.8943646366,7627.8916
Kosovo,,2011,2.15,1.8802684771999998,8040.5938
Kosovo,,2012,2.15,0.8349305935999999,8105.375
Kosovo,,2013,2.15,0.4452171231,8486.565
Kosovo,,2014,2.15,1.1369093443,8796.63
Kosovo,,2015,2.15,0.7797738749,9445.105
Kosovo,,2016,2.15,0.7646960935,10031.044
Kosovo,,2017,2.15,0.44024131140000006,10436.169
"Yemen, Rep.",,1998,2.15,8.0986425602,
"Yemen, Rep.",,2005,2.15,10.5429011189,
"Yemen, Rep.",,2014,2.15,19.8027566863,
South Africa,ZA,1993,2.15,33.540044859700004,9555.986
South Africa,ZA,2000,2.15,36.825285527,10598.86
South Africa,ZA,2005,2.15,28.3313347886,12216.027
South Africa,ZA,2008,2.15,18.662973316000002,13596.288
South Africa,ZA,2010,2.15,18.0359628306,13469.361
South Africa,ZA,2014,2.15,20.4925572138,13993.2705
Zambia,ZM,1991,2.15,57.4385972293,2232.8374
Zambia,ZM,1993,2.15,59.0560467189,2232.7104
Zambia,ZM,1996,2.15,46.7733848986,2071.7087
Zambia,ZM,1998,2.15,47.2256101684,2034.8972
Zambia,ZM,2002,2.15,56.3888520202,2171.9312
Zambia,ZM,2004,2.15,61.0624575521,2335.0698
Zambia,ZM,2006,2.15,64.6980276922,2525.0977
Zambia,ZM,2010,2.15,64.4019000441,3083.3552
Zambia,ZM,2015,2.15,60.79309481639999,3365.3792
Zimbabwe,ZW,2011,2.15,21.5800634727,2033.1814
Zimbabwe,ZW,2017,2.15,34.2060455181,2331.7808
Zimbabwe,ZW,2019,2.15,39.7545332282,2203.3967
